function_name,identity_args,security_definer,function_def
buffacoins_get_or_create_token_crawl,p_state_code text,true,"CREATE OR REPLACE FUNCTION public.buffacoins_get_or_create_token_crawl(p_state_code text)
 RETURNS uuid
 LANGUAGE plpgsql
 SECURITY DEFINER
AS $function$
declare
  v_user_id uuid;
  v_route_id uuid;
  v_crawl_id uuid;
begin
  -- Require auth
  v_user_id := auth.uid();
  if v_user_id is null then
    raise exception 'Must be signed in';
  end if;

  -- Get or create the token route for this state
  select id into v_route_id
  from public.routes
  where is_token_route = true
    and city = upper(p_state_code)
  limit 1;

  if v_route_id is null then
    insert into public.routes (title, city, is_public, is_token_route, created_by)
    values (
      'Wingdex Token Crawl (' || upper(p_state_code) || ')',
      upper(p_state_code),
      false,
      true,
      v_user_id
    )
    returning id into v_route_id;
  end if;

  -- Get or create an ACTIVE crawl for this user+state token route
  select crawl_id into v_crawl_id
  from public.crawls
  where user_id = v_user_id
    and route_id = v_route_id
    and status = 'active'
  order by start_time desc nulls last
  limit 1;

  if v_crawl_id is null then
    insert into public.crawls (route_id, user_id, status, start_time)
    values (v_route_id, v_user_id, 'active', now())
    returning crawl_id into v_crawl_id;
  end if;

  return v_crawl_id;
end;
$function$
"
buffacoins_spend_for_wingdex,"p_destination_id uuid, p_state_code text",true,"CREATE OR REPLACE FUNCTION public.buffacoins_spend_for_wingdex(p_destination_id uuid, p_state_code text)
 RETURNS integer
 LANGUAGE plpgsql
 SECURITY DEFINER
AS $function$
declare
  v_user uuid;
  v_new_balance int;
begin
  v_user := auth.uid();
  if v_user is null then
    raise exception 'not authenticated';
  end if;

  -- Ensure wallet exists
  insert into public.buffacoin_wallets (user_id, balance)
  values (v_user, 0)
  on conflict (user_id) do nothing;

  update public.buffacoin_wallets
  set balance = balance - 1
  where user_id = v_user
    and balance > 0
  returning balance into v_new_balance;

  if v_new_balance is null then
    raise exception 'out of buffacoins';
  end if;

  return v_new_balance;
end $function$
"
claim_daily_xp,p_user uuid,true,"CREATE OR REPLACE FUNCTION public.claim_daily_xp(p_user uuid)
 RETURNS json
 LANGUAGE plpgsql
 SECURITY DEFINER
 SET search_path TO 'public'
AS $function$
declare
  v_today date := (now() at time zone 'America/New_York')::date;
  v_exists boolean;
  v_new_xp integer;
  v_streak integer := 0;
begin
  if p_user is null or p_user <> auth.uid() then
    raise exception 'not allowed';
  end if;

  select exists(
    select 1 from public.daily_xp_claims where user_id = p_user and claim_date = v_today
  ) into v_exists;

  if v_exists then
    return json_build_object('awarded', false, 'reason', 'already claimed');
  end if;

  -- award 10 XP
  v_new_xp := public.xp_add(p_user, 10, 'Daily gift');

  insert into public.daily_xp_claims (user_id) values (p_user);

  -- compute streak (consecutive claim days)
  with days as (
    select claim_date
    from public.daily_xp_claims
    where user_id = p_user
    order by claim_date desc
  )
  select count(*) into v_streak
  from days d1
  where not exists (
    select 1 from days d2
    where d2.claim_date = d1.claim_date + interval '1 day'
  );

  return json_build_object(
    'awarded', true,
    'updated_xp', v_new_xp,
    'new_streak', v_streak
  );
end $function$
"
delete_my_account_data,,true,"CREATE OR REPLACE FUNCTION public.delete_my_account_data()
 RETURNS void
 LANGUAGE plpgsql
 SECURITY DEFINER
 SET search_path TO 'public'
AS $function$
declare
  uid uuid := auth.uid();
begin
  if uid is null then
    raise exception 'Not authenticated';
  end if;

  -- Delete child/user data first (order matters if FKs exist)
  delete from public.destination_ratings where user_id = uid;
  delete from public.crawls where user_id = uid;
  delete from public.user_preferences where user_id = uid;

end;
$function$
"
set_username,new_username text,true,"CREATE OR REPLACE FUNCTION public.set_username(new_username text)
 RETURNS text
 LANGUAGE plpgsql
 SECURITY DEFINER
 SET search_path TO 'public'
AS $function$
declare
  v text;
begin
  if auth.uid() is null then
    raise exception 'not_authenticated';
  end if;

  v := btrim(coalesce(new_username, ''));

  -- Validation
  if v = '' then
    raise exception 'username_invalid';
  end if;

  if length(v) < 3 or length(v) > 20 then
    raise exception 'username_invalid';
  end if;

  -- No special characters: letters, numbers, underscore only
  if v !~ '^[A-Za-z0-9_]+$' then
    raise exception 'username_invalid';
  end if;

  -- Uniqueness (case insensitive), excluding current user
  if exists (
    select 1
    from public.users u
    where lower(nullif(u.username, '')) = lower(v)
      and u.user_id <> auth.uid()
  ) then
    raise exception 'username_taken';
  end if;

  -- Update
  update public.users
     set username = v
   where user_id = auth.uid();

  if not found then
    -- In case a user row somehow does not exist yet
    raise exception 'user_row_missing';
  end if;

  return v;
end;
$function$
"
