routine_schema,routine_name,privilege_type,grantee
public,Badge_Add_Crawl_Milestones,EXECUTE,anon
public,Badge_Add_Crawl_Milestones,EXECUTE,authenticated
public,Badge_Add_Crawl_Milestones,EXECUTE,service_role
public,Badge_Add_First_Bite,EXECUTE,anon
public,Badge_Add_First_Bite,EXECUTE,authenticated
public,Badge_Add_First_Bite,EXECUTE,service_role
public,Badge_Add_Rating_Milestones,EXECUTE,anon
public,Badge_Add_Rating_Milestones,EXECUTE,authenticated
public,Badge_Add_Rating_Milestones,EXECUTE,service_role
public,accept_friend_request,EXECUTE,authenticated
public,accept_friend_request,EXECUTE,service_role
public,award_xp,EXECUTE,anon
public,award_xp,EXECUTE,anon
public,award_xp,EXECUTE,authenticated
public,award_xp,EXECUTE,authenticated
public,award_xp,EXECUTE,service_role
public,award_xp,EXECUTE,service_role
public,badge_code_norm,EXECUTE,anon
public,badge_code_norm,EXECUTE,authenticated
public,badge_code_norm,EXECUTE,service_role
public,block_user,EXECUTE,authenticated
public,block_user,EXECUTE,service_role
public,buffacoin_apply_ledger_delta,EXECUTE,anon
public,buffacoin_apply_ledger_delta,EXECUTE,authenticated
public,buffacoin_apply_ledger_delta,EXECUTE,service_role
public,buffacoin_wallets_touch_updated_at,EXECUTE,anon
public,buffacoin_wallets_touch_updated_at,EXECUTE,authenticated
public,buffacoin_wallets_touch_updated_at,EXECUTE,service_role
public,buffacoins_get_or_create_token_crawl,EXECUTE,anon
public,buffacoins_get_or_create_token_crawl,EXECUTE,authenticated
public,buffacoins_get_or_create_token_crawl,EXECUTE,service_role
public,buffacoins_spend_for_wingdex,EXECUTE,anon
public,buffacoins_spend_for_wingdex,EXECUTE,authenticated
public,buffacoins_spend_for_wingdex,EXECUTE,service_role
public,can_user_appear_socially,EXECUTE,anon
public,can_user_appear_socially,EXECUTE,authenticated
public,can_user_appear_socially,EXECUTE,service_role
public,cancel_friend_request,EXECUTE,authenticated
public,cancel_friend_request,EXECUTE,service_role
public,claim_daily_xp,EXECUTE,anon
public,claim_daily_xp,EXECUTE,authenticated
public,claim_daily_xp,EXECUTE,service_role
public,coin_rate_destination,EXECUTE,anon
public,coin_rate_destination,EXECUTE,authenticated
public,coin_rate_destination,EXECUTE,service_role
public,daily_xp_status,EXECUTE,anon
public,daily_xp_status,EXECUTE,authenticated
public,daily_xp_status,EXECUTE,service_role
public,debug_logs_prune,EXECUTE,anon
public,debug_logs_prune,EXECUTE,authenticated
public,debug_logs_prune,EXECUTE,service_role
public,decline_friend_request,EXECUTE,authenticated
public,decline_friend_request,EXECUTE,service_role
public,delete_account_data,EXECUTE,anon
public,delete_account_data,EXECUTE,authenticated
public,delete_account_data,EXECUTE,service_role
public,delete_my_account_data,EXECUTE,anon
public,delete_my_account_data,EXECUTE,authenticated
public,delete_my_account_data,EXECUTE,service_role
public,detach_crawl,EXECUTE,anon
public,detach_crawl,EXECUTE,authenticated
public,detach_crawl,EXECUTE,service_role
public,earn_badge,EXECUTE,anon
public,earn_badge,EXECUTE,authenticated
public,earn_badge,EXECUTE,service_role
public,friend_pair_is_blocked,EXECUTE,authenticated
public,friend_pair_is_blocked,EXECUTE,service_role
public,friend_relationship_status,EXECUTE,authenticated
public,friend_relationship_status,EXECUTE,service_role
public,get_blocked_users,EXECUTE,authenticated
public,get_blocked_users,EXECUTE,service_role
public,get_friend_invite_code,EXECUTE,authenticated
public,get_friend_invite_code,EXECUTE,service_role
public,get_friends,EXECUTE,authenticated
public,get_friends,EXECUTE,service_role
public,get_friends_feed,EXECUTE,authenticated
public,get_friends_feed,EXECUTE,service_role
public,get_friends_leaderboard,EXECUTE,authenticated
public,get_friends_leaderboard,EXECUTE,service_role
public,get_pending_friend_invites,EXECUTE,authenticated
public,get_pending_friend_invites,EXECUTE,service_role
public,get_safe_social_profile,EXECUTE,authenticated
public,get_safe_social_profile,EXECUTE,service_role
public,get_social_badge_counts,EXECUTE,authenticated
public,get_social_badge_counts,EXECUTE,service_role
public,give_new_user_coin_bonus,EXECUTE,anon
public,give_new_user_coin_bonus,EXECUTE,authenticated
public,give_new_user_coin_bonus,EXECUTE,service_role
public,give_new_user_starting_coins,EXECUTE,anon
public,give_new_user_starting_coins,EXECUTE,authenticated
public,give_new_user_starting_coins,EXECUTE,service_role
public,grant_badge,EXECUTE,anon
public,grant_badge,EXECUTE,authenticated
public,grant_badge,EXECUTE,service_role
public,handle_new_auth_user,EXECUTE,anon
public,handle_new_auth_user,EXECUTE,authenticated
public,handle_new_auth_user,EXECUTE,service_role
public,handle_new_user,EXECUTE,anon
public,handle_new_user,EXECUTE,authenticated
public,handle_new_user,EXECUTE,service_role
public,home_create_quick_crawl,EXECUTE,anon
public,home_create_quick_crawl,EXECUTE,authenticated
public,home_create_quick_crawl,EXECUTE,service_role
public,is_identity_available,EXECUTE,anon
public,is_identity_available,EXECUTE,authenticated
public,is_identity_available,EXECUTE,service_role
public,lb_total_destinations,EXECUTE,anon
public,lb_total_destinations,EXECUTE,authenticated
public,lb_total_destinations,EXECUTE,service_role
public,lb_total_routes,EXECUTE,anon
public,lb_total_routes,EXECUTE,authenticated
public,lb_total_routes,EXECUTE,service_role
public,lb_user_destinations_rated,EXECUTE,anon
public,lb_user_destinations_rated,EXECUTE,authenticated
public,lb_user_destinations_rated,EXECUTE,service_role
public,lb_user_routes_completed,EXECUTE,anon
public,lb_user_routes_completed,EXECUTE,authenticated
public,lb_user_routes_completed,EXECUTE,service_role
public,mark_friend_activity_seen,EXECUTE,authenticated
public,mark_friend_activity_seen,EXECUTE,service_role
public,on_crawl_after_update,EXECUTE,anon
public,on_crawl_after_update,EXECUTE,authenticated
public,on_crawl_after_update,EXECUTE,service_role
public,on_rating_after_insert,EXECUTE,anon
public,on_rating_after_insert,EXECUTE,authenticated
public,on_rating_after_insert,EXECUTE,service_role
public,remove_friend,EXECUTE,authenticated
public,remove_friend,EXECUTE,service_role
public,resolve_friend_invite_code,EXECUTE,authenticated
public,resolve_friend_invite_code,EXECUTE,service_role
public,search_users_for_friends,EXECUTE,authenticated
public,search_users_for_friends,EXECUTE,service_role
public,send_friend_request,EXECUTE,authenticated
public,send_friend_request,EXECUTE,service_role
public,set_updated_at,EXECUTE,anon
public,set_updated_at,EXECUTE,authenticated
public,set_updated_at,EXECUTE,service_role
public,set_username,EXECUTE,anon
public,set_username,EXECUTE,authenticated
public,set_username,EXECUTE,service_role
public,tf_user_badges_count_after_del,EXECUTE,anon
public,tf_user_badges_count_after_del,EXECUTE,authenticated
public,tf_user_badges_count_after_del,EXECUTE,service_role
public,tf_user_badges_count_after_ins,EXECUTE,anon
public,tf_user_badges_count_after_ins,EXECUTE,authenticated
public,tf_user_badges_count_after_ins,EXECUTE,service_role
public,tf_user_badges_count_after_upd,EXECUTE,anon
public,tf_user_badges_count_after_upd,EXECUTE,authenticated
public,tf_user_badges_count_after_upd,EXECUTE,service_role
public,tg_touch_updated_at,EXECUTE,anon
public,tg_touch_updated_at,EXECUTE,authenticated
public,tg_touch_updated_at,EXECUTE,service_role
public,unblock_user,EXECUTE,authenticated
public,unblock_user,EXECUTE,service_role
public,wallet_add_coins,EXECUTE,anon
public,wallet_add_coins,EXECUTE,authenticated
public,wallet_add_coins,EXECUTE,service_role
public,xp_add,EXECUTE,anon
public,xp_add,EXECUTE,anon
public,xp_add,EXECUTE,authenticated
public,xp_add,EXECUTE,authenticated
public,xp_add,EXECUTE,service_role
public,xp_add,EXECUTE,service_role
public,xp_level_for,EXECUTE,anon
public,xp_level_for,EXECUTE,authenticated
public,xp_level_for,EXECUTE,service_role
