schemaname,tablename,indexname,indexdef
public,badge_catalog,badge_catalog_code_key,CREATE UNIQUE INDEX badge_catalog_code_key ON public.badge_catalog USING btree (code)
public,badge_catalog,badge_catalog_pkey,CREATE UNIQUE INDEX badge_catalog_pkey ON public.badge_catalog USING btree (id)
public,buffacoin_ledger,buffacoin_ledger_one_starter_grant_per_user,"CREATE UNIQUE INDEX buffacoin_ledger_one_starter_grant_per_user ON public.buffacoin_ledger USING btree (user_id, reason) WHERE (reason = 'new_user_starter_coins'::text)"
public,buffacoin_ledger,buffacoin_ledger_pkey,CREATE UNIQUE INDEX buffacoin_ledger_pkey ON public.buffacoin_ledger USING btree (id)
public,buffacoin_ledger,idx_buffacoin_ledger_destination,CREATE INDEX idx_buffacoin_ledger_destination ON public.buffacoin_ledger USING btree (destination_id)
public,buffacoin_ledger,idx_buffacoin_ledger_reason,CREATE INDEX idx_buffacoin_ledger_reason ON public.buffacoin_ledger USING btree (reason)
public,buffacoin_ledger,idx_buffacoin_ledger_user_created,"CREATE INDEX idx_buffacoin_ledger_user_created ON public.buffacoin_ledger USING btree (user_id, created_at DESC)"
public,buffacoin_wallets,buffacoin_wallets_pkey,CREATE UNIQUE INDEX buffacoin_wallets_pkey ON public.buffacoin_wallets USING btree (user_id)
public,crawls,crawls_pkey,CREATE UNIQUE INDEX crawls_pkey ON public.crawls USING btree (crawl_id)
public,custom_restaurant_sourcing,custom_restaurant_sourcing_pkey,CREATE UNIQUE INDEX custom_restaurant_sourcing_pkey ON public.custom_restaurant_sourcing USING btree (id)
public,custom_restaurant_sourcing,custom_restaurant_sourcing_state_idx,"CREATE INDEX custom_restaurant_sourcing_state_idx ON public.custom_restaurant_sourcing USING btree (state_id, created_at DESC)"
public,daily_xp_claims,daily_xp_claims_pkey,CREATE UNIQUE INDEX daily_xp_claims_pkey ON public.daily_xp_claims USING btree (id)
public,daily_xp_claims,daily_xp_claims_user_id_claim_date_key,"CREATE UNIQUE INDEX daily_xp_claims_user_id_claim_date_key ON public.daily_xp_claims USING btree (user_id, claim_date)"
public,debug_logs,debug_logs_created_at_idx,CREATE INDEX debug_logs_created_at_idx ON public.debug_logs USING btree (created_at DESC)
public,debug_logs,debug_logs_device_id_idx,CREATE INDEX debug_logs_device_id_idx ON public.debug_logs USING btree (device_id)
public,debug_logs,debug_logs_pkey,CREATE UNIQUE INDEX debug_logs_pkey ON public.debug_logs USING btree (id)
public,debug_logs,debug_logs_user_id_idx,CREATE INDEX debug_logs_user_id_idx ON public.debug_logs USING btree (user_id)
public,destination_ratings,destination_ratings_dest_crawl_user_uniq,"CREATE UNIQUE INDEX destination_ratings_dest_crawl_user_uniq ON public.destination_ratings USING btree (destination_id, crawl_id, user_id)"
public,destination_ratings,destination_ratings_one_per_dest_per_crawl_user_noncoin,"CREATE UNIQUE INDEX destination_ratings_one_per_dest_per_crawl_user_noncoin ON public.destination_ratings USING btree (crawl_id, destination_id, COALESCE(user_id, '00000000-0000-0000-0000-000000000000'::uuid)) WHERE (is_buffacoin IS NOT TRUE)"
public,destination_ratings,destination_ratings_pkey,CREATE UNIQUE INDEX destination_ratings_pkey ON public.destination_ratings USING btree (id)
public,destination_ratings,destination_ratings_tag_id_idx,CREATE INDEX destination_ratings_tag_id_idx ON public.destination_ratings USING btree (tag_id)
public,destination_ratings,dr_crawl_user_created_idx,"CREATE INDEX dr_crawl_user_created_idx ON public.destination_ratings USING btree (crawl_id, user_id, created_at DESC)"
public,destination_suggestions,destination_suggestions_pkey,CREATE UNIQUE INDEX destination_suggestions_pkey ON public.destination_suggestions USING btree (id)
public,destination_suggestions,destination_suggestions_state_id_idx,CREATE INDEX destination_suggestions_state_id_idx ON public.destination_suggestions USING btree (state_id)
public,destination_suggestions,destination_suggestions_user_id_idx,CREATE INDEX destination_suggestions_user_id_idx ON public.destination_suggestions USING btree (user_id)
public,destination_tags,destination_tags_pkey,CREATE UNIQUE INDEX destination_tags_pkey ON public.destination_tags USING btree (id)
public,destination_tags,destination_tags_tag_uniq_ci,CREATE UNIQUE INDEX destination_tags_tag_uniq_ci ON public.destination_tags USING btree (lower(tag))
public,destinations,destinations_name_address_key,"CREATE UNIQUE INDEX destinations_name_address_key ON public.destinations USING btree (lower(name), lower(COALESCE(address, ''::text)))"
public,destinations,destinations_pkey,CREATE UNIQUE INDEX destinations_pkey ON public.destinations USING btree (id)
public,friend_invite_codes,friend_invite_codes_code_key,CREATE UNIQUE INDEX friend_invite_codes_code_key ON public.friend_invite_codes USING btree (code)
public,friend_invite_codes,friend_invite_codes_pkey,CREATE UNIQUE INDEX friend_invite_codes_pkey ON public.friend_invite_codes USING btree (user_id)
public,friendships,friendships_addressee_status_idx,"CREATE INDEX friendships_addressee_status_idx ON public.friendships USING btree (addressee_id, status, created_at DESC)"
public,friendships,friendships_pkey,CREATE UNIQUE INDEX friendships_pkey ON public.friendships USING btree (id)
public,friendships,friendships_requester_status_idx,"CREATE INDEX friendships_requester_status_idx ON public.friendships USING btree (requester_id, status, created_at DESC)"
public,friendships,friendships_status_created_idx,"CREATE INDEX friendships_status_created_idx ON public.friendships USING btree (status, created_at DESC)"
public,friendships,friendships_unique_pair_idx,"CREATE UNIQUE INDEX friendships_unique_pair_idx ON public.friendships USING btree (LEAST(requester_id, addressee_id), GREATEST(requester_id, addressee_id))"
public,fun_facts,fun_facts_pkey,CREATE UNIQUE INDEX fun_facts_pkey ON public.fun_facts USING btree (id)
public,jalapeno_content_candidates,idx_jalapeno_content_candidates_content_type,CREATE INDEX idx_jalapeno_content_candidates_content_type ON public.jalapeno_content_candidates USING btree (content_type)
public,jalapeno_content_candidates,idx_jalapeno_content_candidates_overall_score,CREATE INDEX idx_jalapeno_content_candidates_overall_score ON public.jalapeno_content_candidates USING btree (overall_score DESC)
public,jalapeno_content_candidates,idx_jalapeno_content_candidates_run_id,CREATE INDEX idx_jalapeno_content_candidates_run_id ON public.jalapeno_content_candidates USING btree (run_id)
public,jalapeno_content_candidates,jalapeno_content_candidates_pkey,CREATE UNIQUE INDEX jalapeno_content_candidates_pkey ON public.jalapeno_content_candidates USING btree (id)
public,jalapeno_content_decisions,idx_jalapeno_content_decisions_platform,CREATE INDEX idx_jalapeno_content_decisions_platform ON public.jalapeno_content_decisions USING btree (platform)
public,jalapeno_content_decisions,idx_jalapeno_content_decisions_run_id,CREATE INDEX idx_jalapeno_content_decisions_run_id ON public.jalapeno_content_decisions USING btree (run_id)
public,jalapeno_content_decisions,jalapeno_content_decisions_pkey,CREATE UNIQUE INDEX jalapeno_content_decisions_pkey ON public.jalapeno_content_decisions USING btree (id)
public,jalapeno_content_memory,idx_jalapeno_content_memory_platform,CREATE INDEX idx_jalapeno_content_memory_platform ON public.jalapeno_content_memory USING btree (platform)
public,jalapeno_content_memory,idx_jalapeno_content_memory_post_id,CREATE INDEX idx_jalapeno_content_memory_post_id ON public.jalapeno_content_memory USING btree (post_id)
public,jalapeno_content_memory,idx_jalapeno_content_memory_timestamp_desc,"CREATE INDEX idx_jalapeno_content_memory_timestamp_desc ON public.jalapeno_content_memory USING btree (""timestamp"" DESC)"
public,jalapeno_content_memory,jalapeno_content_memory_pkey,CREATE UNIQUE INDEX jalapeno_content_memory_pkey ON public.jalapeno_content_memory USING btree (id)
public,jalapeno_content_memory,jalapeno_content_memory_post_id_key,CREATE UNIQUE INDEX jalapeno_content_memory_post_id_key ON public.jalapeno_content_memory USING btree (post_id)
public,jalapeno_content_performance,idx_jalapeno_content_performance_captured_at_desc,CREATE INDEX idx_jalapeno_content_performance_captured_at_desc ON public.jalapeno_content_performance USING btree (captured_at DESC)
public,jalapeno_content_performance,idx_jalapeno_content_performance_post_id,CREATE INDEX idx_jalapeno_content_performance_post_id ON public.jalapeno_content_performance USING btree (post_id)
public,jalapeno_content_performance,jalapeno_content_performance_pkey,CREATE UNIQUE INDEX jalapeno_content_performance_pkey ON public.jalapeno_content_performance USING btree (id)
public,jalapeno_content_strategy,idx_jalapeno_content_strategy_active,"CREATE INDEX idx_jalapeno_content_strategy_active ON public.jalapeno_content_strategy USING btree (is_active, effective_from DESC)"
public,jalapeno_content_strategy,jalapeno_content_strategy_pkey,CREATE UNIQUE INDEX jalapeno_content_strategy_pkey ON public.jalapeno_content_strategy USING btree (id)
public,jalapeno_errors,idx_jalapeno_errors_resolved,CREATE INDEX idx_jalapeno_errors_resolved ON public.jalapeno_errors USING btree (resolved)
public,jalapeno_errors,idx_jalapeno_errors_run_id,CREATE INDEX idx_jalapeno_errors_run_id ON public.jalapeno_errors USING btree (run_id)
public,jalapeno_errors,idx_jalapeno_errors_stage,CREATE INDEX idx_jalapeno_errors_stage ON public.jalapeno_errors USING btree (stage)
public,jalapeno_errors,jalapeno_errors_pkey,CREATE UNIQUE INDEX jalapeno_errors_pkey ON public.jalapeno_errors USING btree (id)
public,jalapeno_growth_reports,idx_jalapeno_growth_reports_week_desc,CREATE INDEX idx_jalapeno_growth_reports_week_desc ON public.jalapeno_growth_reports USING btree (report_week_start DESC)
public,jalapeno_growth_reports,jalapeno_growth_reports_pkey,CREATE UNIQUE INDEX jalapeno_growth_reports_pkey ON public.jalapeno_growth_reports USING btree (id)
public,jalapeno_image_assets,idx_jalapeno_image_assets_candidate_id,CREATE INDEX idx_jalapeno_image_assets_candidate_id ON public.jalapeno_image_assets USING btree (candidate_id)
public,jalapeno_image_assets,idx_jalapeno_image_assets_public_url,CREATE INDEX idx_jalapeno_image_assets_public_url ON public.jalapeno_image_assets USING btree (public_url)
public,jalapeno_image_assets,idx_jalapeno_image_assets_run_id,CREATE INDEX idx_jalapeno_image_assets_run_id ON public.jalapeno_image_assets USING btree (run_id)
public,jalapeno_image_assets,jalapeno_image_assets_pkey,CREATE UNIQUE INDEX jalapeno_image_assets_pkey ON public.jalapeno_image_assets USING btree (id)
public,jalapeno_instagram_posts,idx_jalapeno_instagram_posts_candidate_id,CREATE INDEX idx_jalapeno_instagram_posts_candidate_id ON public.jalapeno_instagram_posts USING btree (candidate_id)
public,jalapeno_instagram_posts,idx_jalapeno_instagram_posts_container_id,CREATE INDEX idx_jalapeno_instagram_posts_container_id ON public.jalapeno_instagram_posts USING btree (container_id)
public,jalapeno_instagram_posts,idx_jalapeno_instagram_posts_image_source,CREATE INDEX idx_jalapeno_instagram_posts_image_source ON public.jalapeno_instagram_posts USING btree (image_source)
public,jalapeno_instagram_posts,idx_jalapeno_instagram_posts_media_kind,CREATE INDEX idx_jalapeno_instagram_posts_media_kind ON public.jalapeno_instagram_posts USING btree (media_kind)
public,jalapeno_instagram_posts,idx_jalapeno_instagram_posts_metrics_disabled_at,CREATE INDEX idx_jalapeno_instagram_posts_metrics_disabled_at ON public.jalapeno_instagram_posts USING btree (metrics_disabled_at)
public,jalapeno_instagram_posts,idx_jalapeno_instagram_posts_metrics_status,CREATE INDEX idx_jalapeno_instagram_posts_metrics_status ON public.jalapeno_instagram_posts USING btree (metrics_status)
public,jalapeno_instagram_posts,idx_jalapeno_instagram_posts_overlay_status,CREATE INDEX idx_jalapeno_instagram_posts_overlay_status ON public.jalapeno_instagram_posts USING btree (overlay_status)
public,jalapeno_instagram_posts,idx_jalapeno_instagram_posts_published_at_desc,CREATE INDEX idx_jalapeno_instagram_posts_published_at_desc ON public.jalapeno_instagram_posts USING btree (published_at DESC)
public,jalapeno_instagram_posts,idx_jalapeno_instagram_posts_published_media_id,CREATE INDEX idx_jalapeno_instagram_posts_published_media_id ON public.jalapeno_instagram_posts USING btree (published_media_id)
public,jalapeno_instagram_posts,idx_jalapeno_instagram_posts_status,CREATE INDEX idx_jalapeno_instagram_posts_status ON public.jalapeno_instagram_posts USING btree (status)
public,jalapeno_instagram_posts,idx_jalapeno_instagram_posts_video_asset_id,CREATE INDEX idx_jalapeno_instagram_posts_video_asset_id ON public.jalapeno_instagram_posts USING btree (video_asset_id)
public,jalapeno_instagram_posts,jalapeno_instagram_posts_pkey,CREATE UNIQUE INDEX jalapeno_instagram_posts_pkey ON public.jalapeno_instagram_posts USING btree (id)
public,jalapeno_instagram_posts,jalapeno_instagram_posts_run_id_key,CREATE UNIQUE INDEX jalapeno_instagram_posts_run_id_key ON public.jalapeno_instagram_posts USING btree (run_id)
public,jalapeno_performance_summaries,idx_jalapeno_performance_summaries_type_period,"CREATE INDEX idx_jalapeno_performance_summaries_type_period ON public.jalapeno_performance_summaries USING btree (summary_type, period_start DESC)"
public,jalapeno_performance_summaries,jalapeno_performance_summaries_pkey,CREATE UNIQUE INDEX jalapeno_performance_summaries_pkey ON public.jalapeno_performance_summaries USING btree (id)
public,jalapeno_post_candidates,idx_jalapeno_post_candidates_run_id,CREATE INDEX idx_jalapeno_post_candidates_run_id ON public.jalapeno_post_candidates USING btree (run_id)
public,jalapeno_post_candidates,idx_jalapeno_post_candidates_selected,CREATE INDEX idx_jalapeno_post_candidates_selected ON public.jalapeno_post_candidates USING btree (selected)
public,jalapeno_post_candidates,jalapeno_post_candidates_pkey,CREATE UNIQUE INDEX jalapeno_post_candidates_pkey ON public.jalapeno_post_candidates USING btree (id)
public,jalapeno_post_metrics,idx_jalapeno_post_metrics_caption_type,CREATE INDEX idx_jalapeno_post_metrics_caption_type ON public.jalapeno_post_metrics USING btree (caption_type)
public,jalapeno_post_metrics,idx_jalapeno_post_metrics_captured_at_desc,CREATE INDEX idx_jalapeno_post_metrics_captured_at_desc ON public.jalapeno_post_metrics USING btree (captured_at DESC)
public,jalapeno_post_metrics,idx_jalapeno_post_metrics_category,CREATE INDEX idx_jalapeno_post_metrics_category ON public.jalapeno_post_metrics USING btree (category)
public,jalapeno_post_metrics,idx_jalapeno_post_metrics_collected_at_desc,CREATE INDEX idx_jalapeno_post_metrics_collected_at_desc ON public.jalapeno_post_metrics USING btree (collected_at DESC)
public,jalapeno_post_metrics,idx_jalapeno_post_metrics_cta_type,CREATE INDEX idx_jalapeno_post_metrics_cta_type ON public.jalapeno_post_metrics USING btree (cta_type)
public,jalapeno_post_metrics,idx_jalapeno_post_metrics_image_style,CREATE INDEX idx_jalapeno_post_metrics_image_style ON public.jalapeno_post_metrics USING btree (image_style)
public,jalapeno_post_metrics,idx_jalapeno_post_metrics_instagram_media_id,CREATE INDEX idx_jalapeno_post_metrics_instagram_media_id ON public.jalapeno_post_metrics USING btree (instagram_media_id)
public,jalapeno_post_metrics,idx_jalapeno_post_metrics_post_id,CREATE INDEX idx_jalapeno_post_metrics_post_id ON public.jalapeno_post_metrics USING btree (post_id)
public,jalapeno_post_metrics,idx_jalapeno_post_metrics_published_at_desc,CREATE INDEX idx_jalapeno_post_metrics_published_at_desc ON public.jalapeno_post_metrics USING btree (published_at DESC)
public,jalapeno_post_metrics,idx_jalapeno_post_metrics_video_asset_id,CREATE INDEX idx_jalapeno_post_metrics_video_asset_id ON public.jalapeno_post_metrics USING btree (video_asset_id)
public,jalapeno_post_metrics,jalapeno_post_metrics_pkey,CREATE UNIQUE INDEX jalapeno_post_metrics_pkey ON public.jalapeno_post_metrics USING btree (id)
public,jalapeno_post_patterns,idx_jalapeno_post_patterns_content_type,CREATE INDEX idx_jalapeno_post_patterns_content_type ON public.jalapeno_post_patterns USING btree (content_type)
public,jalapeno_post_patterns,idx_jalapeno_post_patterns_creative_style,CREATE INDEX idx_jalapeno_post_patterns_creative_style ON public.jalapeno_post_patterns USING btree (creative_style)
public,jalapeno_post_patterns,idx_jalapeno_post_patterns_published_time_desc,CREATE INDEX idx_jalapeno_post_patterns_published_time_desc ON public.jalapeno_post_patterns USING btree (published_time DESC)
public,jalapeno_post_patterns,jalapeno_post_patterns_pkey,CREATE UNIQUE INDEX jalapeno_post_patterns_pkey ON public.jalapeno_post_patterns USING btree (id)
public,jalapeno_post_patterns,jalapeno_post_patterns_post_id_key,CREATE UNIQUE INDEX jalapeno_post_patterns_post_id_key ON public.jalapeno_post_patterns USING btree (post_id)
public,jalapeno_post_scores,idx_jalapeno_post_scores_score_desc,CREATE INDEX idx_jalapeno_post_scores_score_desc ON public.jalapeno_post_scores USING btree (score DESC)
public,jalapeno_post_scores,jalapeno_post_scores_pkey,CREATE UNIQUE INDEX jalapeno_post_scores_pkey ON public.jalapeno_post_scores USING btree (id)
public,jalapeno_post_scores,jalapeno_post_scores_post_id_key,CREATE UNIQUE INDEX jalapeno_post_scores_post_id_key ON public.jalapeno_post_scores USING btree (post_id)
public,jalapeno_posts,idx_jalapeno_posts_candidate_id,CREATE INDEX idx_jalapeno_posts_candidate_id ON public.jalapeno_posts USING btree (candidate_id)
public,jalapeno_posts,idx_jalapeno_posts_instagram_media_id,CREATE INDEX idx_jalapeno_posts_instagram_media_id ON public.jalapeno_posts USING btree (instagram_media_id)
public,jalapeno_posts,idx_jalapeno_posts_media_source,CREATE INDEX idx_jalapeno_posts_media_source ON public.jalapeno_posts USING btree (media_source)
public,jalapeno_posts,idx_jalapeno_posts_metadata_category,CREATE INDEX idx_jalapeno_posts_metadata_category ON public.jalapeno_posts USING btree (((metadata ->> 'category'::text)))
public,jalapeno_posts,idx_jalapeno_posts_metadata_cta_type,CREATE INDEX idx_jalapeno_posts_metadata_cta_type ON public.jalapeno_posts USING btree (((metadata ->> 'cta_type'::text)))
public,jalapeno_posts,idx_jalapeno_posts_metadata_image_style,CREATE INDEX idx_jalapeno_posts_metadata_image_style ON public.jalapeno_posts USING btree (((metadata ->> 'image_style'::text)))
public,jalapeno_posts,idx_jalapeno_posts_metrics_exclusion,"CREATE INDEX idx_jalapeno_posts_metrics_exclusion ON public.jalapeno_posts USING btree (metrics_status, metrics_disabled_at)"
public,jalapeno_posts,idx_jalapeno_posts_overlay_status,CREATE INDEX idx_jalapeno_posts_overlay_status ON public.jalapeno_posts USING btree (overlay_status)
public,jalapeno_posts,idx_jalapeno_posts_post_type,CREATE INDEX idx_jalapeno_posts_post_type ON public.jalapeno_posts USING btree (post_type)
public,jalapeno_posts,idx_jalapeno_posts_publish_status,CREATE INDEX idx_jalapeno_posts_publish_status ON public.jalapeno_posts USING btree (publish_status)
public,jalapeno_posts,idx_jalapeno_posts_published_at_desc,CREATE INDEX idx_jalapeno_posts_published_at_desc ON public.jalapeno_posts USING btree (published_at DESC)
public,jalapeno_posts,idx_jalapeno_posts_run_id,CREATE INDEX idx_jalapeno_posts_run_id ON public.jalapeno_posts USING btree (run_id)
public,jalapeno_posts,idx_jalapeno_posts_video_asset_id,CREATE INDEX idx_jalapeno_posts_video_asset_id ON public.jalapeno_posts USING btree (video_asset_id)
public,jalapeno_posts,jalapeno_posts_pkey,CREATE UNIQUE INDEX jalapeno_posts_pkey ON public.jalapeno_posts USING btree (id)
public,jalapeno_report_logs,idx_jalapeno_report_logs_delivery_status,CREATE INDEX idx_jalapeno_report_logs_delivery_status ON public.jalapeno_report_logs USING btree (delivery_status)
public,jalapeno_report_logs,idx_jalapeno_report_logs_type_created,"CREATE INDEX idx_jalapeno_report_logs_type_created ON public.jalapeno_report_logs USING btree (report_type, created_at DESC)"
public,jalapeno_report_logs,jalapeno_report_logs_pkey,CREATE UNIQUE INDEX jalapeno_report_logs_pkey ON public.jalapeno_report_logs USING btree (id)
public,jalapeno_runs,idx_jalapeno_runs_post_type,CREATE INDEX idx_jalapeno_runs_post_type ON public.jalapeno_runs USING btree (post_type)
public,jalapeno_runs,idx_jalapeno_runs_run_id,CREATE INDEX idx_jalapeno_runs_run_id ON public.jalapeno_runs USING btree (run_id)
public,jalapeno_runs,idx_jalapeno_runs_started_at_desc,CREATE INDEX idx_jalapeno_runs_started_at_desc ON public.jalapeno_runs USING btree (started_at DESC)
public,jalapeno_runs,idx_jalapeno_runs_status,CREATE INDEX idx_jalapeno_runs_status ON public.jalapeno_runs USING btree (status)
public,jalapeno_runs,jalapeno_runs_pkey,CREATE UNIQUE INDEX jalapeno_runs_pkey ON public.jalapeno_runs USING btree (id)
public,jalapeno_runs,jalapeno_runs_run_id_key,CREATE UNIQUE INDEX jalapeno_runs_run_id_key ON public.jalapeno_runs USING btree (run_id)
public,jalapeno_settings,idx_jalapeno_settings_setting_key,CREATE INDEX idx_jalapeno_settings_setting_key ON public.jalapeno_settings USING btree (setting_key)
public,jalapeno_settings,jalapeno_settings_pkey,CREATE UNIQUE INDEX jalapeno_settings_pkey ON public.jalapeno_settings USING btree (id)
public,jalapeno_settings,jalapeno_settings_setting_key_key,CREATE UNIQUE INDEX jalapeno_settings_setting_key_key ON public.jalapeno_settings USING btree (setting_key)
public,jalapeno_video_assets,idx_jalapeno_video_assets_active_last_used,"CREATE INDEX idx_jalapeno_video_assets_active_last_used ON public.jalapeno_video_assets USING btree (active, last_used_at NULLS FIRST, used_count)"
public,jalapeno_video_assets,idx_jalapeno_video_assets_caption_type,CREATE INDEX idx_jalapeno_video_assets_caption_type ON public.jalapeno_video_assets USING btree (caption_type)
public,jalapeno_video_assets,idx_jalapeno_video_assets_style,CREATE INDEX idx_jalapeno_video_assets_style ON public.jalapeno_video_assets USING btree (style)
public,jalapeno_video_assets,jalapeno_video_assets_pkey,CREATE UNIQUE INDEX jalapeno_video_assets_pkey ON public.jalapeno_video_assets USING btree (id)
public,jalapeno_video_assets,jalapeno_video_assets_storage_path_key,CREATE UNIQUE INDEX jalapeno_video_assets_storage_path_key ON public.jalapeno_video_assets USING btree (storage_path)
public,lb_user_badges_counts,lb_user_badges_counts_pkey,CREATE UNIQUE INDEX lb_user_badges_counts_pkey ON public.lb_user_badges_counts USING btree (user_id)
public,level_thresholds,level_thresholds_pkey,CREATE UNIQUE INDEX level_thresholds_pkey ON public.level_thresholds USING btree (level)
public,onboarding_analytics,onboarding_analytics_pkey,CREATE UNIQUE INDEX onboarding_analytics_pkey ON public.onboarding_analytics USING btree (id)
public,onboarding_analytics,onboarding_analytics_session_idx,"CREATE INDEX onboarding_analytics_session_idx ON public.onboarding_analytics USING btree (session_id, started_at)"
public,onboarding_analytics,onboarding_analytics_step_idx,"CREATE INDEX onboarding_analytics_step_idx ON public.onboarding_analytics USING btree (step, started_at DESC)"
public,route_submissions,route_submissions_pkey,CREATE UNIQUE INDEX route_submissions_pkey ON public.route_submissions USING btree (id)
public,route_submissions,route_submissions_user_created_idx,"CREATE INDEX route_submissions_user_created_idx ON public.route_submissions USING btree (user_id, created_at DESC)"
public,route_travel_tag,route_travel_tag_pkey,CREATE UNIQUE INDEX route_travel_tag_pkey ON public.route_travel_tag USING btree (id)
public,routes,routes_pkey,CREATE UNIQUE INDEX routes_pkey ON public.routes USING btree (id)
public,routes,routes_title_city_key,"CREATE UNIQUE INDEX routes_title_city_key ON public.routes USING btree (title, city)"
public,routes,routes_token_route_unique,CREATE UNIQUE INDEX routes_token_route_unique ON public.routes USING btree (city) WHERE (is_token_route = true)
public,social_activity_reads,social_activity_reads_activity_idx,"CREATE INDEX social_activity_reads_activity_idx ON public.social_activity_reads USING btree (user_id, friend_activity_seen_at)"
public,social_activity_reads,social_activity_reads_pkey,CREATE UNIQUE INDEX social_activity_reads_pkey ON public.social_activity_reads USING btree (user_id)
public,states,states_pkey,CREATE UNIQUE INDEX states_pkey ON public.states USING btree (state_id)
public,states,states_state_code_key,CREATE UNIQUE INDEX states_state_code_key ON public.states USING btree (state_code)
public,user_badges,idx_user_badges_user_id,CREATE INDEX idx_user_badges_user_id ON public.user_badges USING btree (user_id)
public,user_badges,user_badges_pkey,"CREATE UNIQUE INDEX user_badges_pkey ON public.user_badges USING btree (user_id, badge_id)"
public,user_badges,user_badges_user_badge_unique,"CREATE UNIQUE INDEX user_badges_user_badge_unique ON public.user_badges USING btree (user_id, badge_id)"
public,user_badges,user_badges_user_badge_unique_idx,"CREATE UNIQUE INDEX user_badges_user_badge_unique_idx ON public.user_badges USING btree (user_id, badge_id)"
public,user_badges,user_badges_user_id_badge_id_key,"CREATE UNIQUE INDEX user_badges_user_id_badge_id_key ON public.user_badges USING btree (user_id, badge_id)"
public,user_blocks,user_blocks_blocked_idx,"CREATE INDEX user_blocks_blocked_idx ON public.user_blocks USING btree (blocked_id, created_at DESC)"
public,user_blocks,user_blocks_pkey,"CREATE UNIQUE INDEX user_blocks_pkey ON public.user_blocks USING btree (blocker_id, blocked_id)"
public,user_contactus,user_contactus_pkey,CREATE UNIQUE INDEX user_contactus_pkey ON public.user_contactus USING btree (id)
public,user_events,user_events_anonymous_time_idx,"CREATE INDEX user_events_anonymous_time_idx ON public.user_events USING btree (anonymous_id, occurred_at DESC) WHERE (anonymous_id IS NOT NULL)"
public,user_events,user_events_crawl_time_idx,"CREATE INDEX user_events_crawl_time_idx ON public.user_events USING btree (crawl_id, occurred_at DESC) WHERE (crawl_id IS NOT NULL)"
public,user_events,user_events_destination_time_idx,"CREATE INDEX user_events_destination_time_idx ON public.user_events USING btree (destination_id, occurred_at DESC) WHERE (destination_id IS NOT NULL)"
public,user_events,user_events_event_time_idx,"CREATE INDEX user_events_event_time_idx ON public.user_events USING btree (event_name, occurred_at DESC)"
public,user_events,user_events_metadata_gin_idx,CREATE INDEX user_events_metadata_gin_idx ON public.user_events USING gin (metadata)
public,user_events,user_events_occurred_at_idx,CREATE INDEX user_events_occurred_at_idx ON public.user_events USING btree (occurred_at DESC)
public,user_events,user_events_pkey,CREATE UNIQUE INDEX user_events_pkey ON public.user_events USING btree (id)
public,user_events,user_events_route_time_idx,"CREATE INDEX user_events_route_time_idx ON public.user_events USING btree (route_id, occurred_at DESC) WHERE (route_id IS NOT NULL)"
public,user_events,user_events_screen_time_idx,"CREATE INDEX user_events_screen_time_idx ON public.user_events USING btree (screen, occurred_at DESC) WHERE (screen IS NOT NULL)"
public,user_events,user_events_session_time_idx,"CREATE INDEX user_events_session_time_idx ON public.user_events USING btree (session_id, occurred_at)"
public,user_events,user_events_state_time_idx,"CREATE INDEX user_events_state_time_idx ON public.user_events USING btree (state_id, occurred_at DESC) WHERE (state_id IS NOT NULL)"
public,user_events,user_events_user_time_idx,"CREATE INDEX user_events_user_time_idx ON public.user_events USING btree (user_id, occurred_at DESC) WHERE (user_id IS NOT NULL)"
public,user_feedback,user_feedback_pkey,CREATE UNIQUE INDEX user_feedback_pkey ON public.user_feedback USING btree (id)
public,user_meta,user_meta_pkey,CREATE UNIQUE INDEX user_meta_pkey ON public.user_meta USING btree (user_id)
public,user_preferences,user_preferences_pkey,CREATE UNIQUE INDEX user_preferences_pkey ON public.user_preferences USING btree (user_id)
public,user_wing_battle_votes,user_wing_battle_votes_battle_idx,CREATE INDEX user_wing_battle_votes_battle_idx ON public.user_wing_battle_votes USING btree (battle_id)
public,user_wing_battle_votes,user_wing_battle_votes_pkey,"CREATE UNIQUE INDEX user_wing_battle_votes_pkey ON public.user_wing_battle_votes USING btree (user_id, battle_id)"
public,user_wing_battle_votes,user_wing_battle_votes_user_idx,CREATE INDEX user_wing_battle_votes_user_idx ON public.user_wing_battle_votes USING btree (user_id)
public,users,users_facebook_provider_id_unique,CREATE UNIQUE INDEX users_facebook_provider_id_unique ON public.users USING btree (facebook_provider_id) WHERE (facebook_provider_id IS NOT NULL)
public,users,users_pkey,CREATE UNIQUE INDEX users_pkey ON public.users USING btree (user_id)
public,users,users_username_unique_ci,"CREATE UNIQUE INDEX users_username_unique_ci ON public.users USING btree (lower(NULLIF(username, ''::text))) WHERE (NULLIF(username, ''::text) IS NOT NULL)"
public,users_check_profile,users_check_profile_pkey,CREATE UNIQUE INDEX users_check_profile_pkey ON public.users_check_profile USING btree (user_id)
public,users_check_route,users_check_route_pkey,CREATE UNIQUE INDEX users_check_route_pkey ON public.users_check_route USING btree (user_id)
public,wing_battle_options,wing_battle_options_active_idx,"CREATE INDEX wing_battle_options_active_idx ON public.wing_battle_options USING btree (is_active, sort_order, id)"
public,wing_battle_options,wing_battle_options_pkey,CREATE UNIQUE INDEX wing_battle_options_pkey ON public.wing_battle_options USING btree (id)
public,wingman_intake_logs,wingman_intake_logs_pkey,CREATE UNIQUE INDEX wingman_intake_logs_pkey ON public.wingman_intake_logs USING btree (id)
public,wingman_intake_logs,wingman_logs_created_at_idx,CREATE INDEX wingman_logs_created_at_idx ON public.wingman_intake_logs USING btree (created_at)
public,wingman_intake_logs,wingman_logs_decision_idx,CREATE INDEX wingman_logs_decision_idx ON public.wingman_intake_logs USING btree (decision)
public,wingman_intake_logs,wingman_logs_user_idx,CREATE INDEX wingman_logs_user_idx ON public.wingman_intake_logs USING btree (user_id)
public,xp_ledger,xp_ledger_crawl_time_idx,"CREATE INDEX xp_ledger_crawl_time_idx ON public.xp_ledger USING btree (crawl_id, created_at DESC) WHERE (crawl_id IS NOT NULL)"
public,xp_ledger,xp_ledger_destination_time_idx,"CREATE INDEX xp_ledger_destination_time_idx ON public.xp_ledger USING btree (destination_id, created_at DESC) WHERE (destination_id IS NOT NULL)"
public,xp_ledger,xp_ledger_idempotency_key_unique,CREATE UNIQUE INDEX xp_ledger_idempotency_key_unique ON public.xp_ledger USING btree (idempotency_key)
public,xp_ledger,xp_ledger_pkey,CREATE UNIQUE INDEX xp_ledger_pkey ON public.xp_ledger USING btree (id)
public,xp_ledger,xp_ledger_route_time_idx,"CREATE INDEX xp_ledger_route_time_idx ON public.xp_ledger USING btree (route_id, created_at DESC) WHERE (route_id IS NOT NULL)"
public,xp_ledger,xp_ledger_source_time_idx,"CREATE INDEX xp_ledger_source_time_idx ON public.xp_ledger USING btree (source, created_at DESC)"
public,xp_ledger,xp_ledger_user_time_idx,"CREATE INDEX xp_ledger_user_time_idx ON public.xp_ledger USING btree (user_id, created_at DESC)"
