table_schema,table_name,privilege_type,grantee
public,00_Open_Work,DELETE,anon
public,00_Open_Work,INSERT,anon
public,00_Open_Work,REFERENCES,anon
public,00_Open_Work,SELECT,anon
public,00_Open_Work,TRIGGER,anon
public,00_Open_Work,TRUNCATE,anon
public,00_Open_Work,UPDATE,anon
public,00_Open_Work,DELETE,authenticated
public,00_Open_Work,INSERT,authenticated
public,00_Open_Work,REFERENCES,authenticated
public,00_Open_Work,SELECT,authenticated
public,00_Open_Work,TRIGGER,authenticated
public,00_Open_Work,TRUNCATE,authenticated
public,00_Open_Work,UPDATE,authenticated
public,00_Open_Work,DELETE,service_role
public,00_Open_Work,INSERT,service_role
public,00_Open_Work,REFERENCES,service_role
public,00_Open_Work,SELECT,service_role
public,00_Open_Work,TRIGGER,service_role
public,00_Open_Work,TRUNCATE,service_role
public,00_Open_Work,UPDATE,service_role
public,analytics_agent_growth_opportunities,DELETE,anon
public,analytics_agent_growth_opportunities,INSERT,anon
public,analytics_agent_growth_opportunities,REFERENCES,anon
public,analytics_agent_growth_opportunities,SELECT,anon
public,analytics_agent_growth_opportunities,TRIGGER,anon
public,analytics_agent_growth_opportunities,TRUNCATE,anon
public,analytics_agent_growth_opportunities,UPDATE,anon
public,analytics_agent_growth_opportunities,DELETE,authenticated
public,analytics_agent_growth_opportunities,INSERT,authenticated
public,analytics_agent_growth_opportunities,REFERENCES,authenticated
public,analytics_agent_growth_opportunities,SELECT,authenticated
public,analytics_agent_growth_opportunities,TRIGGER,authenticated
public,analytics_agent_growth_opportunities,TRUNCATE,authenticated
public,analytics_agent_growth_opportunities,UPDATE,authenticated
public,analytics_agent_growth_opportunities,DELETE,service_role
public,analytics_agent_growth_opportunities,INSERT,service_role
public,analytics_agent_growth_opportunities,REFERENCES,service_role
public,analytics_agent_growth_opportunities,SELECT,service_role
public,analytics_agent_growth_opportunities,TRIGGER,service_role
public,analytics_agent_growth_opportunities,TRUNCATE,service_role
public,analytics_agent_growth_opportunities,UPDATE,service_role
public,analytics_agent_restaurant_summary,DELETE,anon
public,analytics_agent_restaurant_summary,INSERT,anon
public,analytics_agent_restaurant_summary,REFERENCES,anon
public,analytics_agent_restaurant_summary,SELECT,anon
public,analytics_agent_restaurant_summary,TRIGGER,anon
public,analytics_agent_restaurant_summary,TRUNCATE,anon
public,analytics_agent_restaurant_summary,UPDATE,anon
public,analytics_agent_restaurant_summary,DELETE,authenticated
public,analytics_agent_restaurant_summary,INSERT,authenticated
public,analytics_agent_restaurant_summary,REFERENCES,authenticated
public,analytics_agent_restaurant_summary,SELECT,authenticated
public,analytics_agent_restaurant_summary,TRIGGER,authenticated
public,analytics_agent_restaurant_summary,TRUNCATE,authenticated
public,analytics_agent_restaurant_summary,UPDATE,authenticated
public,analytics_agent_restaurant_summary,DELETE,service_role
public,analytics_agent_restaurant_summary,INSERT,service_role
public,analytics_agent_restaurant_summary,REFERENCES,service_role
public,analytics_agent_restaurant_summary,SELECT,service_role
public,analytics_agent_restaurant_summary,TRIGGER,service_role
public,analytics_agent_restaurant_summary,TRUNCATE,service_role
public,analytics_agent_restaurant_summary,UPDATE,service_role
public,analytics_agent_route_summary,DELETE,anon
public,analytics_agent_route_summary,INSERT,anon
public,analytics_agent_route_summary,REFERENCES,anon
public,analytics_agent_route_summary,SELECT,anon
public,analytics_agent_route_summary,TRIGGER,anon
public,analytics_agent_route_summary,TRUNCATE,anon
public,analytics_agent_route_summary,UPDATE,anon
public,analytics_agent_route_summary,DELETE,authenticated
public,analytics_agent_route_summary,INSERT,authenticated
public,analytics_agent_route_summary,REFERENCES,authenticated
public,analytics_agent_route_summary,SELECT,authenticated
public,analytics_agent_route_summary,TRIGGER,authenticated
public,analytics_agent_route_summary,TRUNCATE,authenticated
public,analytics_agent_route_summary,UPDATE,authenticated
public,analytics_agent_route_summary,DELETE,service_role
public,analytics_agent_route_summary,INSERT,service_role
public,analytics_agent_route_summary,REFERENCES,service_role
public,analytics_agent_route_summary,SELECT,service_role
public,analytics_agent_route_summary,TRIGGER,service_role
public,analytics_agent_route_summary,TRUNCATE,service_role
public,analytics_agent_route_summary,UPDATE,service_role
public,analytics_crawl_funnel_daily,DELETE,anon
public,analytics_crawl_funnel_daily,INSERT,anon
public,analytics_crawl_funnel_daily,REFERENCES,anon
public,analytics_crawl_funnel_daily,SELECT,anon
public,analytics_crawl_funnel_daily,TRIGGER,anon
public,analytics_crawl_funnel_daily,TRUNCATE,anon
public,analytics_crawl_funnel_daily,UPDATE,anon
public,analytics_crawl_funnel_daily,DELETE,authenticated
public,analytics_crawl_funnel_daily,INSERT,authenticated
public,analytics_crawl_funnel_daily,REFERENCES,authenticated
public,analytics_crawl_funnel_daily,SELECT,authenticated
public,analytics_crawl_funnel_daily,TRIGGER,authenticated
public,analytics_crawl_funnel_daily,TRUNCATE,authenticated
public,analytics_crawl_funnel_daily,UPDATE,authenticated
public,analytics_crawl_funnel_daily,DELETE,service_role
public,analytics_crawl_funnel_daily,INSERT,service_role
public,analytics_crawl_funnel_daily,REFERENCES,service_role
public,analytics_crawl_funnel_daily,SELECT,service_role
public,analytics_crawl_funnel_daily,TRIGGER,service_role
public,analytics_crawl_funnel_daily,TRUNCATE,service_role
public,analytics_crawl_funnel_daily,UPDATE,service_role
public,analytics_daily_active_users,DELETE,anon
public,analytics_daily_active_users,INSERT,anon
public,analytics_daily_active_users,REFERENCES,anon
public,analytics_daily_active_users,SELECT,anon
public,analytics_daily_active_users,TRIGGER,anon
public,analytics_daily_active_users,TRUNCATE,anon
public,analytics_daily_active_users,UPDATE,anon
public,analytics_daily_active_users,DELETE,authenticated
public,analytics_daily_active_users,INSERT,authenticated
public,analytics_daily_active_users,REFERENCES,authenticated
public,analytics_daily_active_users,SELECT,authenticated
public,analytics_daily_active_users,TRIGGER,authenticated
public,analytics_daily_active_users,TRUNCATE,authenticated
public,analytics_daily_active_users,UPDATE,authenticated
public,analytics_daily_active_users,DELETE,service_role
public,analytics_daily_active_users,INSERT,service_role
public,analytics_daily_active_users,REFERENCES,service_role
public,analytics_daily_active_users,SELECT,service_role
public,analytics_daily_active_users,TRIGGER,service_role
public,analytics_daily_active_users,TRUNCATE,service_role
public,analytics_daily_active_users,UPDATE,service_role
public,analytics_destination_performance_daily,DELETE,anon
public,analytics_destination_performance_daily,INSERT,anon
public,analytics_destination_performance_daily,REFERENCES,anon
public,analytics_destination_performance_daily,SELECT,anon
public,analytics_destination_performance_daily,TRIGGER,anon
public,analytics_destination_performance_daily,TRUNCATE,anon
public,analytics_destination_performance_daily,UPDATE,anon
public,analytics_destination_performance_daily,DELETE,authenticated
public,analytics_destination_performance_daily,INSERT,authenticated
public,analytics_destination_performance_daily,REFERENCES,authenticated
public,analytics_destination_performance_daily,SELECT,authenticated
public,analytics_destination_performance_daily,TRIGGER,authenticated
public,analytics_destination_performance_daily,TRUNCATE,authenticated
public,analytics_destination_performance_daily,UPDATE,authenticated
public,analytics_destination_performance_daily,DELETE,service_role
public,analytics_destination_performance_daily,INSERT,service_role
public,analytics_destination_performance_daily,REFERENCES,service_role
public,analytics_destination_performance_daily,SELECT,service_role
public,analytics_destination_performance_daily,TRIGGER,service_role
public,analytics_destination_performance_daily,TRUNCATE,service_role
public,analytics_destination_performance_daily,UPDATE,service_role
public,analytics_discovery_daily,DELETE,anon
public,analytics_discovery_daily,INSERT,anon
public,analytics_discovery_daily,REFERENCES,anon
public,analytics_discovery_daily,SELECT,anon
public,analytics_discovery_daily,TRIGGER,anon
public,analytics_discovery_daily,TRUNCATE,anon
public,analytics_discovery_daily,UPDATE,anon
public,analytics_discovery_daily,DELETE,authenticated
public,analytics_discovery_daily,INSERT,authenticated
public,analytics_discovery_daily,REFERENCES,authenticated
public,analytics_discovery_daily,SELECT,authenticated
public,analytics_discovery_daily,TRIGGER,authenticated
public,analytics_discovery_daily,TRUNCATE,authenticated
public,analytics_discovery_daily,UPDATE,authenticated
public,analytics_discovery_daily,DELETE,service_role
public,analytics_discovery_daily,INSERT,service_role
public,analytics_discovery_daily,REFERENCES,service_role
public,analytics_discovery_daily,SELECT,service_role
public,analytics_discovery_daily,TRIGGER,service_role
public,analytics_discovery_daily,TRUNCATE,service_role
public,analytics_discovery_daily,UPDATE,service_role
public,analytics_rating_funnel_daily,DELETE,anon
public,analytics_rating_funnel_daily,INSERT,anon
public,analytics_rating_funnel_daily,REFERENCES,anon
public,analytics_rating_funnel_daily,SELECT,anon
public,analytics_rating_funnel_daily,TRIGGER,anon
public,analytics_rating_funnel_daily,TRUNCATE,anon
public,analytics_rating_funnel_daily,UPDATE,anon
public,analytics_rating_funnel_daily,DELETE,authenticated
public,analytics_rating_funnel_daily,INSERT,authenticated
public,analytics_rating_funnel_daily,REFERENCES,authenticated
public,analytics_rating_funnel_daily,SELECT,authenticated
public,analytics_rating_funnel_daily,TRIGGER,authenticated
public,analytics_rating_funnel_daily,TRUNCATE,authenticated
public,analytics_rating_funnel_daily,UPDATE,authenticated
public,analytics_rating_funnel_daily,DELETE,service_role
public,analytics_rating_funnel_daily,INSERT,service_role
public,analytics_rating_funnel_daily,REFERENCES,service_role
public,analytics_rating_funnel_daily,SELECT,service_role
public,analytics_rating_funnel_daily,TRIGGER,service_role
public,analytics_rating_funnel_daily,TRUNCATE,service_role
public,analytics_rating_funnel_daily,UPDATE,service_role
public,analytics_route_performance_daily,DELETE,anon
public,analytics_route_performance_daily,INSERT,anon
public,analytics_route_performance_daily,REFERENCES,anon
public,analytics_route_performance_daily,SELECT,anon
public,analytics_route_performance_daily,TRIGGER,anon
public,analytics_route_performance_daily,TRUNCATE,anon
public,analytics_route_performance_daily,UPDATE,anon
public,analytics_route_performance_daily,DELETE,authenticated
public,analytics_route_performance_daily,INSERT,authenticated
public,analytics_route_performance_daily,REFERENCES,authenticated
public,analytics_route_performance_daily,SELECT,authenticated
public,analytics_route_performance_daily,TRIGGER,authenticated
public,analytics_route_performance_daily,TRUNCATE,authenticated
public,analytics_route_performance_daily,UPDATE,authenticated
public,analytics_route_performance_daily,DELETE,service_role
public,analytics_route_performance_daily,INSERT,service_role
public,analytics_route_performance_daily,REFERENCES,service_role
public,analytics_route_performance_daily,SELECT,service_role
public,analytics_route_performance_daily,TRIGGER,service_role
public,analytics_route_performance_daily,TRUNCATE,service_role
public,analytics_route_performance_daily,UPDATE,service_role
public,analytics_social_opt_out_by_account_age,DELETE,anon
public,analytics_social_opt_out_by_account_age,INSERT,anon
public,analytics_social_opt_out_by_account_age,REFERENCES,anon
public,analytics_social_opt_out_by_account_age,SELECT,anon
public,analytics_social_opt_out_by_account_age,TRIGGER,anon
public,analytics_social_opt_out_by_account_age,TRUNCATE,anon
public,analytics_social_opt_out_by_account_age,UPDATE,anon
public,analytics_social_opt_out_by_account_age,DELETE,authenticated
public,analytics_social_opt_out_by_account_age,INSERT,authenticated
public,analytics_social_opt_out_by_account_age,REFERENCES,authenticated
public,analytics_social_opt_out_by_account_age,SELECT,authenticated
public,analytics_social_opt_out_by_account_age,TRIGGER,authenticated
public,analytics_social_opt_out_by_account_age,TRUNCATE,authenticated
public,analytics_social_opt_out_by_account_age,UPDATE,authenticated
public,analytics_social_opt_out_by_account_age,DELETE,service_role
public,analytics_social_opt_out_by_account_age,INSERT,service_role
public,analytics_social_opt_out_by_account_age,REFERENCES,service_role
public,analytics_social_opt_out_by_account_age,SELECT,service_role
public,analytics_social_opt_out_by_account_age,TRIGGER,service_role
public,analytics_social_opt_out_by_account_age,TRUNCATE,service_role
public,analytics_social_opt_out_by_account_age,UPDATE,service_role
public,analytics_social_opt_out_by_facebook_link,DELETE,anon
public,analytics_social_opt_out_by_facebook_link,INSERT,anon
public,analytics_social_opt_out_by_facebook_link,REFERENCES,anon
public,analytics_social_opt_out_by_facebook_link,SELECT,anon
public,analytics_social_opt_out_by_facebook_link,TRIGGER,anon
public,analytics_social_opt_out_by_facebook_link,TRUNCATE,anon
public,analytics_social_opt_out_by_facebook_link,UPDATE,anon
public,analytics_social_opt_out_by_facebook_link,DELETE,authenticated
public,analytics_social_opt_out_by_facebook_link,INSERT,authenticated
public,analytics_social_opt_out_by_facebook_link,REFERENCES,authenticated
public,analytics_social_opt_out_by_facebook_link,SELECT,authenticated
public,analytics_social_opt_out_by_facebook_link,TRIGGER,authenticated
public,analytics_social_opt_out_by_facebook_link,TRUNCATE,authenticated
public,analytics_social_opt_out_by_facebook_link,UPDATE,authenticated
public,analytics_social_opt_out_by_facebook_link,DELETE,service_role
public,analytics_social_opt_out_by_facebook_link,INSERT,service_role
public,analytics_social_opt_out_by_facebook_link,REFERENCES,service_role
public,analytics_social_opt_out_by_facebook_link,SELECT,service_role
public,analytics_social_opt_out_by_facebook_link,TRIGGER,service_role
public,analytics_social_opt_out_by_facebook_link,TRUNCATE,service_role
public,analytics_social_opt_out_by_facebook_link,UPDATE,service_role
public,analytics_social_opt_out_summary,DELETE,anon
public,analytics_social_opt_out_summary,INSERT,anon
public,analytics_social_opt_out_summary,REFERENCES,anon
public,analytics_social_opt_out_summary,SELECT,anon
public,analytics_social_opt_out_summary,TRIGGER,anon
public,analytics_social_opt_out_summary,TRUNCATE,anon
public,analytics_social_opt_out_summary,UPDATE,anon
public,analytics_social_opt_out_summary,DELETE,authenticated
public,analytics_social_opt_out_summary,INSERT,authenticated
public,analytics_social_opt_out_summary,REFERENCES,authenticated
public,analytics_social_opt_out_summary,SELECT,authenticated
public,analytics_social_opt_out_summary,TRIGGER,authenticated
public,analytics_social_opt_out_summary,TRUNCATE,authenticated
public,analytics_social_opt_out_summary,UPDATE,authenticated
public,analytics_social_opt_out_summary,DELETE,service_role
public,analytics_social_opt_out_summary,INSERT,service_role
public,analytics_social_opt_out_summary,REFERENCES,service_role
public,analytics_social_opt_out_summary,SELECT,service_role
public,analytics_social_opt_out_summary,TRIGGER,service_role
public,analytics_social_opt_out_summary,TRUNCATE,service_role
public,analytics_social_opt_out_summary,UPDATE,service_role
public,badge_catalog,DELETE,anon
public,badge_catalog,INSERT,anon
public,badge_catalog,REFERENCES,anon
public,badge_catalog,SELECT,anon
public,badge_catalog,TRIGGER,anon
public,badge_catalog,TRUNCATE,anon
public,badge_catalog,UPDATE,anon
public,badge_catalog,DELETE,authenticated
public,badge_catalog,INSERT,authenticated
public,badge_catalog,REFERENCES,authenticated
public,badge_catalog,SELECT,authenticated
public,badge_catalog,TRIGGER,authenticated
public,badge_catalog,TRUNCATE,authenticated
public,badge_catalog,UPDATE,authenticated
public,badge_catalog,DELETE,service_role
public,badge_catalog,INSERT,service_role
public,badge_catalog,REFERENCES,service_role
public,badge_catalog,SELECT,service_role
public,badge_catalog,TRIGGER,service_role
public,badge_catalog,TRUNCATE,service_role
public,badge_catalog,UPDATE,service_role
public,buffacoin_ledger,DELETE,anon
public,buffacoin_ledger,INSERT,anon
public,buffacoin_ledger,REFERENCES,anon
public,buffacoin_ledger,SELECT,anon
public,buffacoin_ledger,TRIGGER,anon
public,buffacoin_ledger,TRUNCATE,anon
public,buffacoin_ledger,UPDATE,anon
public,buffacoin_ledger,DELETE,authenticated
public,buffacoin_ledger,INSERT,authenticated
public,buffacoin_ledger,REFERENCES,authenticated
public,buffacoin_ledger,SELECT,authenticated
public,buffacoin_ledger,TRIGGER,authenticated
public,buffacoin_ledger,TRUNCATE,authenticated
public,buffacoin_ledger,UPDATE,authenticated
public,buffacoin_ledger,DELETE,service_role
public,buffacoin_ledger,INSERT,service_role
public,buffacoin_ledger,REFERENCES,service_role
public,buffacoin_ledger,SELECT,service_role
public,buffacoin_ledger,TRIGGER,service_role
public,buffacoin_ledger,TRUNCATE,service_role
public,buffacoin_ledger,UPDATE,service_role
public,buffacoin_wallets,DELETE,anon
public,buffacoin_wallets,INSERT,anon
public,buffacoin_wallets,REFERENCES,anon
public,buffacoin_wallets,SELECT,anon
public,buffacoin_wallets,TRIGGER,anon
public,buffacoin_wallets,TRUNCATE,anon
public,buffacoin_wallets,UPDATE,anon
public,buffacoin_wallets,DELETE,authenticated
public,buffacoin_wallets,INSERT,authenticated
public,buffacoin_wallets,REFERENCES,authenticated
public,buffacoin_wallets,SELECT,authenticated
public,buffacoin_wallets,TRIGGER,authenticated
public,buffacoin_wallets,TRUNCATE,authenticated
public,buffacoin_wallets,UPDATE,authenticated
public,buffacoin_wallets,DELETE,service_role
public,buffacoin_wallets,INSERT,service_role
public,buffacoin_wallets,REFERENCES,service_role
public,buffacoin_wallets,SELECT,service_role
public,buffacoin_wallets,TRIGGER,service_role
public,buffacoin_wallets,TRUNCATE,service_role
public,buffacoin_wallets,UPDATE,service_role
public,crawl_coverage_public,DELETE,anon
public,crawl_coverage_public,INSERT,anon
public,crawl_coverage_public,REFERENCES,anon
public,crawl_coverage_public,SELECT,anon
public,crawl_coverage_public,TRIGGER,anon
public,crawl_coverage_public,TRUNCATE,anon
public,crawl_coverage_public,UPDATE,anon
public,crawl_coverage_public,DELETE,authenticated
public,crawl_coverage_public,INSERT,authenticated
public,crawl_coverage_public,REFERENCES,authenticated
public,crawl_coverage_public,SELECT,authenticated
public,crawl_coverage_public,TRIGGER,authenticated
public,crawl_coverage_public,TRUNCATE,authenticated
public,crawl_coverage_public,UPDATE,authenticated
public,crawl_coverage_public,DELETE,service_role
public,crawl_coverage_public,INSERT,service_role
public,crawl_coverage_public,REFERENCES,service_role
public,crawl_coverage_public,SELECT,service_role
public,crawl_coverage_public,TRIGGER,service_role
public,crawl_coverage_public,TRUNCATE,service_role
public,crawl_coverage_public,UPDATE,service_role
public,crawl_public,DELETE,anon
public,crawl_public,INSERT,anon
public,crawl_public,REFERENCES,anon
public,crawl_public,SELECT,anon
public,crawl_public,TRIGGER,anon
public,crawl_public,TRUNCATE,anon
public,crawl_public,UPDATE,anon
public,crawl_public,DELETE,authenticated
public,crawl_public,INSERT,authenticated
public,crawl_public,REFERENCES,authenticated
public,crawl_public,SELECT,authenticated
public,crawl_public,TRIGGER,authenticated
public,crawl_public,TRUNCATE,authenticated
public,crawl_public,UPDATE,authenticated
public,crawl_public,DELETE,service_role
public,crawl_public,INSERT,service_role
public,crawl_public,REFERENCES,service_role
public,crawl_public,SELECT,service_role
public,crawl_public,TRIGGER,service_role
public,crawl_public,TRUNCATE,service_role
public,crawl_public,UPDATE,service_role
public,crawl_weekly_streak,DELETE,anon
public,crawl_weekly_streak,INSERT,anon
public,crawl_weekly_streak,REFERENCES,anon
public,crawl_weekly_streak,SELECT,anon
public,crawl_weekly_streak,TRIGGER,anon
public,crawl_weekly_streak,TRUNCATE,anon
public,crawl_weekly_streak,UPDATE,anon
public,crawl_weekly_streak,DELETE,authenticated
public,crawl_weekly_streak,INSERT,authenticated
public,crawl_weekly_streak,REFERENCES,authenticated
public,crawl_weekly_streak,SELECT,authenticated
public,crawl_weekly_streak,TRIGGER,authenticated
public,crawl_weekly_streak,TRUNCATE,authenticated
public,crawl_weekly_streak,UPDATE,authenticated
public,crawl_weekly_streak,DELETE,service_role
public,crawl_weekly_streak,INSERT,service_role
public,crawl_weekly_streak,REFERENCES,service_role
public,crawl_weekly_streak,SELECT,service_role
public,crawl_weekly_streak,TRIGGER,service_role
public,crawl_weekly_streak,TRUNCATE,service_role
public,crawl_weekly_streak,UPDATE,service_role
public,crawls,DELETE,anon
public,crawls,INSERT,anon
public,crawls,REFERENCES,anon
public,crawls,SELECT,anon
public,crawls,TRIGGER,anon
public,crawls,TRUNCATE,anon
public,crawls,UPDATE,anon
public,crawls,DELETE,authenticated
public,crawls,INSERT,authenticated
public,crawls,REFERENCES,authenticated
public,crawls,SELECT,authenticated
public,crawls,TRIGGER,authenticated
public,crawls,TRUNCATE,authenticated
public,crawls,UPDATE,authenticated
public,crawls,DELETE,service_role
public,crawls,INSERT,service_role
public,crawls,REFERENCES,service_role
public,crawls,SELECT,service_role
public,crawls,TRIGGER,service_role
public,crawls,TRUNCATE,service_role
public,crawls,UPDATE,service_role
public,custom_restaurant_sourcing,DELETE,anon
public,custom_restaurant_sourcing,INSERT,anon
public,custom_restaurant_sourcing,REFERENCES,anon
public,custom_restaurant_sourcing,SELECT,anon
public,custom_restaurant_sourcing,TRIGGER,anon
public,custom_restaurant_sourcing,TRUNCATE,anon
public,custom_restaurant_sourcing,UPDATE,anon
public,custom_restaurant_sourcing,DELETE,authenticated
public,custom_restaurant_sourcing,INSERT,authenticated
public,custom_restaurant_sourcing,REFERENCES,authenticated
public,custom_restaurant_sourcing,SELECT,authenticated
public,custom_restaurant_sourcing,TRIGGER,authenticated
public,custom_restaurant_sourcing,TRUNCATE,authenticated
public,custom_restaurant_sourcing,UPDATE,authenticated
public,custom_restaurant_sourcing,DELETE,service_role
public,custom_restaurant_sourcing,INSERT,service_role
public,custom_restaurant_sourcing,REFERENCES,service_role
public,custom_restaurant_sourcing,SELECT,service_role
public,custom_restaurant_sourcing,TRIGGER,service_role
public,custom_restaurant_sourcing,TRUNCATE,service_role
public,custom_restaurant_sourcing,UPDATE,service_role
public,daily_xp_claims,DELETE,anon
public,daily_xp_claims,INSERT,anon
public,daily_xp_claims,REFERENCES,anon
public,daily_xp_claims,SELECT,anon
public,daily_xp_claims,TRIGGER,anon
public,daily_xp_claims,TRUNCATE,anon
public,daily_xp_claims,UPDATE,anon
public,daily_xp_claims,DELETE,authenticated
public,daily_xp_claims,INSERT,authenticated
public,daily_xp_claims,REFERENCES,authenticated
public,daily_xp_claims,SELECT,authenticated
public,daily_xp_claims,TRIGGER,authenticated
public,daily_xp_claims,TRUNCATE,authenticated
public,daily_xp_claims,UPDATE,authenticated
public,daily_xp_claims,DELETE,service_role
public,daily_xp_claims,INSERT,service_role
public,daily_xp_claims,REFERENCES,service_role
public,daily_xp_claims,SELECT,service_role
public,daily_xp_claims,TRIGGER,service_role
public,daily_xp_claims,TRUNCATE,service_role
public,daily_xp_claims,UPDATE,service_role
public,debug_logs,DELETE,anon
public,debug_logs,INSERT,anon
public,debug_logs,REFERENCES,anon
public,debug_logs,SELECT,anon
public,debug_logs,TRIGGER,anon
public,debug_logs,TRUNCATE,anon
public,debug_logs,UPDATE,anon
public,debug_logs,DELETE,authenticated
public,debug_logs,INSERT,authenticated
public,debug_logs,REFERENCES,authenticated
public,debug_logs,SELECT,authenticated
public,debug_logs,TRIGGER,authenticated
public,debug_logs,TRUNCATE,authenticated
public,debug_logs,UPDATE,authenticated
public,debug_logs,DELETE,service_role
public,debug_logs,INSERT,service_role
public,debug_logs,REFERENCES,service_role
public,debug_logs,SELECT,service_role
public,debug_logs,TRIGGER,service_role
public,debug_logs,TRUNCATE,service_role
public,debug_logs,UPDATE,service_role
public,destination_ratings,DELETE,anon
public,destination_ratings,INSERT,anon
public,destination_ratings,REFERENCES,anon
public,destination_ratings,SELECT,anon
public,destination_ratings,TRIGGER,anon
public,destination_ratings,TRUNCATE,anon
public,destination_ratings,UPDATE,anon
public,destination_ratings,DELETE,authenticated
public,destination_ratings,INSERT,authenticated
public,destination_ratings,REFERENCES,authenticated
public,destination_ratings,SELECT,authenticated
public,destination_ratings,TRIGGER,authenticated
public,destination_ratings,TRUNCATE,authenticated
public,destination_ratings,UPDATE,authenticated
public,destination_ratings,DELETE,service_role
public,destination_ratings,INSERT,service_role
public,destination_ratings,REFERENCES,service_role
public,destination_ratings,SELECT,service_role
public,destination_ratings,TRIGGER,service_role
public,destination_ratings,TRUNCATE,service_role
public,destination_ratings,UPDATE,service_role
public,destination_suggestions,DELETE,anon
public,destination_suggestions,INSERT,anon
public,destination_suggestions,REFERENCES,anon
public,destination_suggestions,SELECT,anon
public,destination_suggestions,TRIGGER,anon
public,destination_suggestions,TRUNCATE,anon
public,destination_suggestions,UPDATE,anon
public,destination_suggestions,DELETE,authenticated
public,destination_suggestions,INSERT,authenticated
public,destination_suggestions,REFERENCES,authenticated
public,destination_suggestions,SELECT,authenticated
public,destination_suggestions,TRIGGER,authenticated
public,destination_suggestions,TRUNCATE,authenticated
public,destination_suggestions,UPDATE,authenticated
public,destination_suggestions,DELETE,service_role
public,destination_suggestions,INSERT,service_role
public,destination_suggestions,REFERENCES,service_role
public,destination_suggestions,SELECT,service_role
public,destination_suggestions,TRIGGER,service_role
public,destination_suggestions,TRUNCATE,service_role
public,destination_suggestions,UPDATE,service_role
public,destination_tags,DELETE,anon
public,destination_tags,INSERT,anon
public,destination_tags,REFERENCES,anon
public,destination_tags,SELECT,anon
public,destination_tags,TRIGGER,anon
public,destination_tags,TRUNCATE,anon
public,destination_tags,UPDATE,anon
public,destination_tags,DELETE,authenticated
public,destination_tags,INSERT,authenticated
public,destination_tags,REFERENCES,authenticated
public,destination_tags,SELECT,authenticated
public,destination_tags,TRIGGER,authenticated
public,destination_tags,TRUNCATE,authenticated
public,destination_tags,UPDATE,authenticated
public,destination_tags,DELETE,service_role
public,destination_tags,INSERT,service_role
public,destination_tags,REFERENCES,service_role
public,destination_tags,SELECT,service_role
public,destination_tags,TRIGGER,service_role
public,destination_tags,TRUNCATE,service_role
public,destination_tags,UPDATE,service_role
public,destinations,DELETE,anon
public,destinations,INSERT,anon
public,destinations,REFERENCES,anon
public,destinations,SELECT,anon
public,destinations,TRIGGER,anon
public,destinations,TRUNCATE,anon
public,destinations,UPDATE,anon
public,destinations,DELETE,authenticated
public,destinations,INSERT,authenticated
public,destinations,REFERENCES,authenticated
public,destinations,SELECT,authenticated
public,destinations,TRIGGER,authenticated
public,destinations,TRUNCATE,authenticated
public,destinations,UPDATE,authenticated
public,destinations,DELETE,service_role
public,destinations,INSERT,service_role
public,destinations,REFERENCES,service_role
public,destinations,SELECT,service_role
public,destinations,TRIGGER,service_role
public,destinations,TRUNCATE,service_role
public,destinations,UPDATE,service_role
public,friend_invite_codes,REFERENCES,anon
public,friend_invite_codes,SELECT,anon
public,friend_invite_codes,TRIGGER,anon
public,friend_invite_codes,TRUNCATE,anon
public,friend_invite_codes,REFERENCES,authenticated
public,friend_invite_codes,SELECT,authenticated
public,friend_invite_codes,TRIGGER,authenticated
public,friend_invite_codes,TRUNCATE,authenticated
public,friend_invite_codes,DELETE,service_role
public,friend_invite_codes,INSERT,service_role
public,friend_invite_codes,REFERENCES,service_role
public,friend_invite_codes,SELECT,service_role
public,friend_invite_codes,TRIGGER,service_role
public,friend_invite_codes,TRUNCATE,service_role
public,friend_invite_codes,UPDATE,service_role
public,friendships,REFERENCES,anon
public,friendships,SELECT,anon
public,friendships,TRIGGER,anon
public,friendships,TRUNCATE,anon
public,friendships,REFERENCES,authenticated
public,friendships,SELECT,authenticated
public,friendships,TRIGGER,authenticated
public,friendships,TRUNCATE,authenticated
public,friendships,DELETE,service_role
public,friendships,INSERT,service_role
public,friendships,REFERENCES,service_role
public,friendships,SELECT,service_role
public,friendships,TRIGGER,service_role
public,friendships,TRUNCATE,service_role
public,friendships,UPDATE,service_role
public,fun_facts,DELETE,anon
public,fun_facts,INSERT,anon
public,fun_facts,REFERENCES,anon
public,fun_facts,SELECT,anon
public,fun_facts,TRIGGER,anon
public,fun_facts,TRUNCATE,anon
public,fun_facts,UPDATE,anon
public,fun_facts,DELETE,authenticated
public,fun_facts,INSERT,authenticated
public,fun_facts,REFERENCES,authenticated
public,fun_facts,SELECT,authenticated
public,fun_facts,TRIGGER,authenticated
public,fun_facts,TRUNCATE,authenticated
public,fun_facts,UPDATE,authenticated
public,fun_facts,DELETE,service_role
public,fun_facts,INSERT,service_role
public,fun_facts,REFERENCES,service_role
public,fun_facts,SELECT,service_role
public,fun_facts,TRIGGER,service_role
public,fun_facts,TRUNCATE,service_role
public,fun_facts,UPDATE,service_role
public,jalapeno_content_candidates,DELETE,anon
public,jalapeno_content_candidates,INSERT,anon
public,jalapeno_content_candidates,REFERENCES,anon
public,jalapeno_content_candidates,SELECT,anon
public,jalapeno_content_candidates,TRIGGER,anon
public,jalapeno_content_candidates,TRUNCATE,anon
public,jalapeno_content_candidates,UPDATE,anon
public,jalapeno_content_candidates,DELETE,authenticated
public,jalapeno_content_candidates,INSERT,authenticated
public,jalapeno_content_candidates,REFERENCES,authenticated
public,jalapeno_content_candidates,SELECT,authenticated
public,jalapeno_content_candidates,TRIGGER,authenticated
public,jalapeno_content_candidates,TRUNCATE,authenticated
public,jalapeno_content_candidates,UPDATE,authenticated
public,jalapeno_content_candidates,DELETE,service_role
public,jalapeno_content_candidates,INSERT,service_role
public,jalapeno_content_candidates,REFERENCES,service_role
public,jalapeno_content_candidates,SELECT,service_role
public,jalapeno_content_candidates,TRIGGER,service_role
public,jalapeno_content_candidates,TRUNCATE,service_role
public,jalapeno_content_candidates,UPDATE,service_role
public,jalapeno_content_decisions,DELETE,anon
public,jalapeno_content_decisions,INSERT,anon
public,jalapeno_content_decisions,REFERENCES,anon
public,jalapeno_content_decisions,SELECT,anon
public,jalapeno_content_decisions,TRIGGER,anon
public,jalapeno_content_decisions,TRUNCATE,anon
public,jalapeno_content_decisions,UPDATE,anon
public,jalapeno_content_decisions,DELETE,authenticated
public,jalapeno_content_decisions,INSERT,authenticated
public,jalapeno_content_decisions,REFERENCES,authenticated
public,jalapeno_content_decisions,SELECT,authenticated
public,jalapeno_content_decisions,TRIGGER,authenticated
public,jalapeno_content_decisions,TRUNCATE,authenticated
public,jalapeno_content_decisions,UPDATE,authenticated
public,jalapeno_content_decisions,DELETE,service_role
public,jalapeno_content_decisions,INSERT,service_role
public,jalapeno_content_decisions,REFERENCES,service_role
public,jalapeno_content_decisions,SELECT,service_role
public,jalapeno_content_decisions,TRIGGER,service_role
public,jalapeno_content_decisions,TRUNCATE,service_role
public,jalapeno_content_decisions,UPDATE,service_role
public,jalapeno_content_memory,DELETE,anon
public,jalapeno_content_memory,INSERT,anon
public,jalapeno_content_memory,REFERENCES,anon
public,jalapeno_content_memory,SELECT,anon
public,jalapeno_content_memory,TRIGGER,anon
public,jalapeno_content_memory,TRUNCATE,anon
public,jalapeno_content_memory,UPDATE,anon
public,jalapeno_content_memory,DELETE,authenticated
public,jalapeno_content_memory,INSERT,authenticated
public,jalapeno_content_memory,REFERENCES,authenticated
public,jalapeno_content_memory,SELECT,authenticated
public,jalapeno_content_memory,TRIGGER,authenticated
public,jalapeno_content_memory,TRUNCATE,authenticated
public,jalapeno_content_memory,UPDATE,authenticated
public,jalapeno_content_memory,DELETE,service_role
public,jalapeno_content_memory,INSERT,service_role
public,jalapeno_content_memory,REFERENCES,service_role
public,jalapeno_content_memory,SELECT,service_role
public,jalapeno_content_memory,TRIGGER,service_role
public,jalapeno_content_memory,TRUNCATE,service_role
public,jalapeno_content_memory,UPDATE,service_role
public,jalapeno_content_performance,DELETE,anon
public,jalapeno_content_performance,INSERT,anon
public,jalapeno_content_performance,REFERENCES,anon
public,jalapeno_content_performance,SELECT,anon
public,jalapeno_content_performance,TRIGGER,anon
public,jalapeno_content_performance,TRUNCATE,anon
public,jalapeno_content_performance,UPDATE,anon
public,jalapeno_content_performance,DELETE,authenticated
public,jalapeno_content_performance,INSERT,authenticated
public,jalapeno_content_performance,REFERENCES,authenticated
public,jalapeno_content_performance,SELECT,authenticated
public,jalapeno_content_performance,TRIGGER,authenticated
public,jalapeno_content_performance,TRUNCATE,authenticated
public,jalapeno_content_performance,UPDATE,authenticated
public,jalapeno_content_performance,DELETE,service_role
public,jalapeno_content_performance,INSERT,service_role
public,jalapeno_content_performance,REFERENCES,service_role
public,jalapeno_content_performance,SELECT,service_role
public,jalapeno_content_performance,TRIGGER,service_role
public,jalapeno_content_performance,TRUNCATE,service_role
public,jalapeno_content_performance,UPDATE,service_role
public,jalapeno_content_strategy,DELETE,anon
public,jalapeno_content_strategy,INSERT,anon
public,jalapeno_content_strategy,REFERENCES,anon
public,jalapeno_content_strategy,SELECT,anon
public,jalapeno_content_strategy,TRIGGER,anon
public,jalapeno_content_strategy,TRUNCATE,anon
public,jalapeno_content_strategy,UPDATE,anon
public,jalapeno_content_strategy,DELETE,authenticated
public,jalapeno_content_strategy,INSERT,authenticated
public,jalapeno_content_strategy,REFERENCES,authenticated
public,jalapeno_content_strategy,SELECT,authenticated
public,jalapeno_content_strategy,TRIGGER,authenticated
public,jalapeno_content_strategy,TRUNCATE,authenticated
public,jalapeno_content_strategy,UPDATE,authenticated
public,jalapeno_content_strategy,DELETE,service_role
public,jalapeno_content_strategy,INSERT,service_role
public,jalapeno_content_strategy,REFERENCES,service_role
public,jalapeno_content_strategy,SELECT,service_role
public,jalapeno_content_strategy,TRIGGER,service_role
public,jalapeno_content_strategy,TRUNCATE,service_role
public,jalapeno_content_strategy,UPDATE,service_role
public,jalapeno_errors,DELETE,anon
public,jalapeno_errors,INSERT,anon
public,jalapeno_errors,REFERENCES,anon
public,jalapeno_errors,SELECT,anon
public,jalapeno_errors,TRIGGER,anon
public,jalapeno_errors,TRUNCATE,anon
public,jalapeno_errors,UPDATE,anon
public,jalapeno_errors,DELETE,authenticated
public,jalapeno_errors,INSERT,authenticated
public,jalapeno_errors,REFERENCES,authenticated
public,jalapeno_errors,SELECT,authenticated
public,jalapeno_errors,TRIGGER,authenticated
public,jalapeno_errors,TRUNCATE,authenticated
public,jalapeno_errors,UPDATE,authenticated
public,jalapeno_errors,DELETE,service_role
public,jalapeno_errors,INSERT,service_role
public,jalapeno_errors,REFERENCES,service_role
public,jalapeno_errors,SELECT,service_role
public,jalapeno_errors,TRIGGER,service_role
public,jalapeno_errors,TRUNCATE,service_role
public,jalapeno_errors,UPDATE,service_role
public,jalapeno_growth_reports,DELETE,anon
public,jalapeno_growth_reports,INSERT,anon
public,jalapeno_growth_reports,REFERENCES,anon
public,jalapeno_growth_reports,SELECT,anon
public,jalapeno_growth_reports,TRIGGER,anon
public,jalapeno_growth_reports,TRUNCATE,anon
public,jalapeno_growth_reports,UPDATE,anon
public,jalapeno_growth_reports,DELETE,authenticated
public,jalapeno_growth_reports,INSERT,authenticated
public,jalapeno_growth_reports,REFERENCES,authenticated
public,jalapeno_growth_reports,SELECT,authenticated
public,jalapeno_growth_reports,TRIGGER,authenticated
public,jalapeno_growth_reports,TRUNCATE,authenticated
public,jalapeno_growth_reports,UPDATE,authenticated
public,jalapeno_growth_reports,DELETE,service_role
public,jalapeno_growth_reports,INSERT,service_role
public,jalapeno_growth_reports,REFERENCES,service_role
public,jalapeno_growth_reports,SELECT,service_role
public,jalapeno_growth_reports,TRIGGER,service_role
public,jalapeno_growth_reports,TRUNCATE,service_role
public,jalapeno_growth_reports,UPDATE,service_role
public,jalapeno_image_assets,DELETE,anon
public,jalapeno_image_assets,INSERT,anon
public,jalapeno_image_assets,REFERENCES,anon
public,jalapeno_image_assets,SELECT,anon
public,jalapeno_image_assets,TRIGGER,anon
public,jalapeno_image_assets,TRUNCATE,anon
public,jalapeno_image_assets,UPDATE,anon
public,jalapeno_image_assets,DELETE,authenticated
public,jalapeno_image_assets,INSERT,authenticated
public,jalapeno_image_assets,REFERENCES,authenticated
public,jalapeno_image_assets,SELECT,authenticated
public,jalapeno_image_assets,TRIGGER,authenticated
public,jalapeno_image_assets,TRUNCATE,authenticated
public,jalapeno_image_assets,UPDATE,authenticated
public,jalapeno_image_assets,DELETE,service_role
public,jalapeno_image_assets,INSERT,service_role
public,jalapeno_image_assets,REFERENCES,service_role
public,jalapeno_image_assets,SELECT,service_role
public,jalapeno_image_assets,TRIGGER,service_role
public,jalapeno_image_assets,TRUNCATE,service_role
public,jalapeno_image_assets,UPDATE,service_role
public,jalapeno_instagram_posts,DELETE,anon
public,jalapeno_instagram_posts,INSERT,anon
public,jalapeno_instagram_posts,REFERENCES,anon
public,jalapeno_instagram_posts,SELECT,anon
public,jalapeno_instagram_posts,TRIGGER,anon
public,jalapeno_instagram_posts,TRUNCATE,anon
public,jalapeno_instagram_posts,UPDATE,anon
public,jalapeno_instagram_posts,DELETE,authenticated
public,jalapeno_instagram_posts,INSERT,authenticated
public,jalapeno_instagram_posts,REFERENCES,authenticated
public,jalapeno_instagram_posts,SELECT,authenticated
public,jalapeno_instagram_posts,TRIGGER,authenticated
public,jalapeno_instagram_posts,TRUNCATE,authenticated
public,jalapeno_instagram_posts,UPDATE,authenticated
public,jalapeno_instagram_posts,DELETE,service_role
public,jalapeno_instagram_posts,INSERT,service_role
public,jalapeno_instagram_posts,REFERENCES,service_role
public,jalapeno_instagram_posts,SELECT,service_role
public,jalapeno_instagram_posts,TRIGGER,service_role
public,jalapeno_instagram_posts,TRUNCATE,service_role
public,jalapeno_instagram_posts,UPDATE,service_role
public,jalapeno_performance_summaries,DELETE,anon
public,jalapeno_performance_summaries,INSERT,anon
public,jalapeno_performance_summaries,REFERENCES,anon
public,jalapeno_performance_summaries,SELECT,anon
public,jalapeno_performance_summaries,TRIGGER,anon
public,jalapeno_performance_summaries,TRUNCATE,anon
public,jalapeno_performance_summaries,UPDATE,anon
public,jalapeno_performance_summaries,DELETE,authenticated
public,jalapeno_performance_summaries,INSERT,authenticated
public,jalapeno_performance_summaries,REFERENCES,authenticated
public,jalapeno_performance_summaries,SELECT,authenticated
public,jalapeno_performance_summaries,TRIGGER,authenticated
public,jalapeno_performance_summaries,TRUNCATE,authenticated
public,jalapeno_performance_summaries,UPDATE,authenticated
public,jalapeno_performance_summaries,DELETE,service_role
public,jalapeno_performance_summaries,INSERT,service_role
public,jalapeno_performance_summaries,REFERENCES,service_role
public,jalapeno_performance_summaries,SELECT,service_role
public,jalapeno_performance_summaries,TRIGGER,service_role
public,jalapeno_performance_summaries,TRUNCATE,service_role
public,jalapeno_performance_summaries,UPDATE,service_role
public,jalapeno_post_candidates,DELETE,anon
public,jalapeno_post_candidates,INSERT,anon
public,jalapeno_post_candidates,REFERENCES,anon
public,jalapeno_post_candidates,SELECT,anon
public,jalapeno_post_candidates,TRIGGER,anon
public,jalapeno_post_candidates,TRUNCATE,anon
public,jalapeno_post_candidates,UPDATE,anon
public,jalapeno_post_candidates,DELETE,authenticated
public,jalapeno_post_candidates,INSERT,authenticated
public,jalapeno_post_candidates,REFERENCES,authenticated
public,jalapeno_post_candidates,SELECT,authenticated
public,jalapeno_post_candidates,TRIGGER,authenticated
public,jalapeno_post_candidates,TRUNCATE,authenticated
public,jalapeno_post_candidates,UPDATE,authenticated
public,jalapeno_post_candidates,DELETE,service_role
public,jalapeno_post_candidates,INSERT,service_role
public,jalapeno_post_candidates,REFERENCES,service_role
public,jalapeno_post_candidates,SELECT,service_role
public,jalapeno_post_candidates,TRIGGER,service_role
public,jalapeno_post_candidates,TRUNCATE,service_role
public,jalapeno_post_candidates,UPDATE,service_role
public,jalapeno_post_metrics,DELETE,anon
public,jalapeno_post_metrics,INSERT,anon
public,jalapeno_post_metrics,REFERENCES,anon
public,jalapeno_post_metrics,SELECT,anon
public,jalapeno_post_metrics,TRIGGER,anon
public,jalapeno_post_metrics,TRUNCATE,anon
public,jalapeno_post_metrics,UPDATE,anon
public,jalapeno_post_metrics,DELETE,authenticated
public,jalapeno_post_metrics,INSERT,authenticated
public,jalapeno_post_metrics,REFERENCES,authenticated
public,jalapeno_post_metrics,SELECT,authenticated
public,jalapeno_post_metrics,TRIGGER,authenticated
public,jalapeno_post_metrics,TRUNCATE,authenticated
public,jalapeno_post_metrics,UPDATE,authenticated
public,jalapeno_post_metrics,DELETE,service_role
public,jalapeno_post_metrics,INSERT,service_role
public,jalapeno_post_metrics,REFERENCES,service_role
public,jalapeno_post_metrics,SELECT,service_role
public,jalapeno_post_metrics,TRIGGER,service_role
public,jalapeno_post_metrics,TRUNCATE,service_role
public,jalapeno_post_metrics,UPDATE,service_role
public,jalapeno_post_patterns,DELETE,anon
public,jalapeno_post_patterns,INSERT,anon
public,jalapeno_post_patterns,REFERENCES,anon
public,jalapeno_post_patterns,SELECT,anon
public,jalapeno_post_patterns,TRIGGER,anon
public,jalapeno_post_patterns,TRUNCATE,anon
public,jalapeno_post_patterns,UPDATE,anon
public,jalapeno_post_patterns,DELETE,authenticated
public,jalapeno_post_patterns,INSERT,authenticated
public,jalapeno_post_patterns,REFERENCES,authenticated
public,jalapeno_post_patterns,SELECT,authenticated
public,jalapeno_post_patterns,TRIGGER,authenticated
public,jalapeno_post_patterns,TRUNCATE,authenticated
public,jalapeno_post_patterns,UPDATE,authenticated
public,jalapeno_post_patterns,DELETE,service_role
public,jalapeno_post_patterns,INSERT,service_role
public,jalapeno_post_patterns,REFERENCES,service_role
public,jalapeno_post_patterns,SELECT,service_role
public,jalapeno_post_patterns,TRIGGER,service_role
public,jalapeno_post_patterns,TRUNCATE,service_role
public,jalapeno_post_patterns,UPDATE,service_role
public,jalapeno_post_scores,DELETE,anon
public,jalapeno_post_scores,INSERT,anon
public,jalapeno_post_scores,REFERENCES,anon
public,jalapeno_post_scores,SELECT,anon
public,jalapeno_post_scores,TRIGGER,anon
public,jalapeno_post_scores,TRUNCATE,anon
public,jalapeno_post_scores,UPDATE,anon
public,jalapeno_post_scores,DELETE,authenticated
public,jalapeno_post_scores,INSERT,authenticated
public,jalapeno_post_scores,REFERENCES,authenticated
public,jalapeno_post_scores,SELECT,authenticated
public,jalapeno_post_scores,TRIGGER,authenticated
public,jalapeno_post_scores,TRUNCATE,authenticated
public,jalapeno_post_scores,UPDATE,authenticated
public,jalapeno_post_scores,DELETE,service_role
public,jalapeno_post_scores,INSERT,service_role
public,jalapeno_post_scores,REFERENCES,service_role
public,jalapeno_post_scores,SELECT,service_role
public,jalapeno_post_scores,TRIGGER,service_role
public,jalapeno_post_scores,TRUNCATE,service_role
public,jalapeno_post_scores,UPDATE,service_role
public,jalapeno_posts,DELETE,anon
public,jalapeno_posts,INSERT,anon
public,jalapeno_posts,REFERENCES,anon
public,jalapeno_posts,SELECT,anon
public,jalapeno_posts,TRIGGER,anon
public,jalapeno_posts,TRUNCATE,anon
public,jalapeno_posts,UPDATE,anon
public,jalapeno_posts,DELETE,authenticated
public,jalapeno_posts,INSERT,authenticated
public,jalapeno_posts,REFERENCES,authenticated
public,jalapeno_posts,SELECT,authenticated
public,jalapeno_posts,TRIGGER,authenticated
public,jalapeno_posts,TRUNCATE,authenticated
public,jalapeno_posts,UPDATE,authenticated
public,jalapeno_posts,DELETE,service_role
public,jalapeno_posts,INSERT,service_role
public,jalapeno_posts,REFERENCES,service_role
public,jalapeno_posts,SELECT,service_role
public,jalapeno_posts,TRIGGER,service_role
public,jalapeno_posts,TRUNCATE,service_role
public,jalapeno_posts,UPDATE,service_role
public,jalapeno_report_logs,DELETE,anon
public,jalapeno_report_logs,INSERT,anon
public,jalapeno_report_logs,REFERENCES,anon
public,jalapeno_report_logs,SELECT,anon
public,jalapeno_report_logs,TRIGGER,anon
public,jalapeno_report_logs,TRUNCATE,anon
public,jalapeno_report_logs,UPDATE,anon
public,jalapeno_report_logs,DELETE,authenticated
public,jalapeno_report_logs,INSERT,authenticated
public,jalapeno_report_logs,REFERENCES,authenticated
public,jalapeno_report_logs,SELECT,authenticated
public,jalapeno_report_logs,TRIGGER,authenticated
public,jalapeno_report_logs,TRUNCATE,authenticated
public,jalapeno_report_logs,UPDATE,authenticated
public,jalapeno_report_logs,DELETE,service_role
public,jalapeno_report_logs,INSERT,service_role
public,jalapeno_report_logs,REFERENCES,service_role
public,jalapeno_report_logs,SELECT,service_role
public,jalapeno_report_logs,TRIGGER,service_role
public,jalapeno_report_logs,TRUNCATE,service_role
public,jalapeno_report_logs,UPDATE,service_role
public,jalapeno_runs,DELETE,anon
public,jalapeno_runs,INSERT,anon
public,jalapeno_runs,REFERENCES,anon
public,jalapeno_runs,SELECT,anon
public,jalapeno_runs,TRIGGER,anon
public,jalapeno_runs,TRUNCATE,anon
public,jalapeno_runs,UPDATE,anon
public,jalapeno_runs,DELETE,authenticated
public,jalapeno_runs,INSERT,authenticated
public,jalapeno_runs,REFERENCES,authenticated
public,jalapeno_runs,SELECT,authenticated
public,jalapeno_runs,TRIGGER,authenticated
public,jalapeno_runs,TRUNCATE,authenticated
public,jalapeno_runs,UPDATE,authenticated
public,jalapeno_runs,DELETE,service_role
public,jalapeno_runs,INSERT,service_role
public,jalapeno_runs,REFERENCES,service_role
public,jalapeno_runs,SELECT,service_role
public,jalapeno_runs,TRIGGER,service_role
public,jalapeno_runs,TRUNCATE,service_role
public,jalapeno_runs,UPDATE,service_role
public,jalapeno_settings,DELETE,anon
public,jalapeno_settings,INSERT,anon
public,jalapeno_settings,REFERENCES,anon
public,jalapeno_settings,SELECT,anon
public,jalapeno_settings,TRIGGER,anon
public,jalapeno_settings,TRUNCATE,anon
public,jalapeno_settings,UPDATE,anon
public,jalapeno_settings,DELETE,authenticated
public,jalapeno_settings,INSERT,authenticated
public,jalapeno_settings,REFERENCES,authenticated
public,jalapeno_settings,SELECT,authenticated
public,jalapeno_settings,TRIGGER,authenticated
public,jalapeno_settings,TRUNCATE,authenticated
public,jalapeno_settings,UPDATE,authenticated
public,jalapeno_settings,DELETE,service_role
public,jalapeno_settings,INSERT,service_role
public,jalapeno_settings,REFERENCES,service_role
public,jalapeno_settings,SELECT,service_role
public,jalapeno_settings,TRIGGER,service_role
public,jalapeno_settings,TRUNCATE,service_role
public,jalapeno_settings,UPDATE,service_role
public,jalapeno_video_assets,DELETE,anon
public,jalapeno_video_assets,INSERT,anon
public,jalapeno_video_assets,REFERENCES,anon
public,jalapeno_video_assets,SELECT,anon
public,jalapeno_video_assets,TRIGGER,anon
public,jalapeno_video_assets,TRUNCATE,anon
public,jalapeno_video_assets,UPDATE,anon
public,jalapeno_video_assets,DELETE,authenticated
public,jalapeno_video_assets,INSERT,authenticated
public,jalapeno_video_assets,REFERENCES,authenticated
public,jalapeno_video_assets,SELECT,authenticated
public,jalapeno_video_assets,TRIGGER,authenticated
public,jalapeno_video_assets,TRUNCATE,authenticated
public,jalapeno_video_assets,UPDATE,authenticated
public,jalapeno_video_assets,DELETE,service_role
public,jalapeno_video_assets,INSERT,service_role
public,jalapeno_video_assets,REFERENCES,service_role
public,jalapeno_video_assets,SELECT,service_role
public,jalapeno_video_assets,TRIGGER,service_role
public,jalapeno_video_assets,TRUNCATE,service_role
public,jalapeno_video_assets,UPDATE,service_role
public,lb_total_destinations,DELETE,anon
public,lb_total_destinations,INSERT,anon
public,lb_total_destinations,REFERENCES,anon
public,lb_total_destinations,SELECT,anon
public,lb_total_destinations,TRIGGER,anon
public,lb_total_destinations,TRUNCATE,anon
public,lb_total_destinations,UPDATE,anon
public,lb_total_destinations,DELETE,authenticated
public,lb_total_destinations,INSERT,authenticated
public,lb_total_destinations,REFERENCES,authenticated
public,lb_total_destinations,SELECT,authenticated
public,lb_total_destinations,TRIGGER,authenticated
public,lb_total_destinations,TRUNCATE,authenticated
public,lb_total_destinations,UPDATE,authenticated
public,lb_total_destinations,DELETE,service_role
public,lb_total_destinations,INSERT,service_role
public,lb_total_destinations,REFERENCES,service_role
public,lb_total_destinations,SELECT,service_role
public,lb_total_destinations,TRIGGER,service_role
public,lb_total_destinations,TRUNCATE,service_role
public,lb_total_destinations,UPDATE,service_role
public,lb_total_routes,DELETE,anon
public,lb_total_routes,INSERT,anon
public,lb_total_routes,REFERENCES,anon
public,lb_total_routes,SELECT,anon
public,lb_total_routes,TRIGGER,anon
public,lb_total_routes,TRUNCATE,anon
public,lb_total_routes,UPDATE,anon
public,lb_total_routes,DELETE,authenticated
public,lb_total_routes,INSERT,authenticated
public,lb_total_routes,REFERENCES,authenticated
public,lb_total_routes,SELECT,authenticated
public,lb_total_routes,TRIGGER,authenticated
public,lb_total_routes,TRUNCATE,authenticated
public,lb_total_routes,UPDATE,authenticated
public,lb_total_routes,DELETE,service_role
public,lb_total_routes,INSERT,service_role
public,lb_total_routes,REFERENCES,service_role
public,lb_total_routes,SELECT,service_role
public,lb_total_routes,TRIGGER,service_role
public,lb_total_routes,TRUNCATE,service_role
public,lb_total_routes,UPDATE,service_role
public,lb_user_badges_counts,DELETE,anon
public,lb_user_badges_counts,INSERT,anon
public,lb_user_badges_counts,REFERENCES,anon
public,lb_user_badges_counts,SELECT,anon
public,lb_user_badges_counts,TRIGGER,anon
public,lb_user_badges_counts,TRUNCATE,anon
public,lb_user_badges_counts,UPDATE,anon
public,lb_user_badges_counts,DELETE,authenticated
public,lb_user_badges_counts,INSERT,authenticated
public,lb_user_badges_counts,REFERENCES,authenticated
public,lb_user_badges_counts,SELECT,authenticated
public,lb_user_badges_counts,TRIGGER,authenticated
public,lb_user_badges_counts,TRUNCATE,authenticated
public,lb_user_badges_counts,UPDATE,authenticated
public,lb_user_badges_counts,DELETE,service_role
public,lb_user_badges_counts,INSERT,service_role
public,lb_user_badges_counts,REFERENCES,service_role
public,lb_user_badges_counts,SELECT,service_role
public,lb_user_badges_counts,TRIGGER,service_role
public,lb_user_badges_counts,TRUNCATE,service_role
public,lb_user_badges_counts,UPDATE,service_role
public,lb_user_destinations_rated,DELETE,anon
public,lb_user_destinations_rated,INSERT,anon
public,lb_user_destinations_rated,REFERENCES,anon
public,lb_user_destinations_rated,SELECT,anon
public,lb_user_destinations_rated,TRIGGER,anon
public,lb_user_destinations_rated,TRUNCATE,anon
public,lb_user_destinations_rated,UPDATE,anon
public,lb_user_destinations_rated,DELETE,authenticated
public,lb_user_destinations_rated,INSERT,authenticated
public,lb_user_destinations_rated,REFERENCES,authenticated
public,lb_user_destinations_rated,SELECT,authenticated
public,lb_user_destinations_rated,TRIGGER,authenticated
public,lb_user_destinations_rated,TRUNCATE,authenticated
public,lb_user_destinations_rated,UPDATE,authenticated
public,lb_user_destinations_rated,DELETE,service_role
public,lb_user_destinations_rated,INSERT,service_role
public,lb_user_destinations_rated,REFERENCES,service_role
public,lb_user_destinations_rated,SELECT,service_role
public,lb_user_destinations_rated,TRIGGER,service_role
public,lb_user_destinations_rated,TRUNCATE,service_role
public,lb_user_destinations_rated,UPDATE,service_role
public,lb_user_routes_completed,DELETE,anon
public,lb_user_routes_completed,INSERT,anon
public,lb_user_routes_completed,REFERENCES,anon
public,lb_user_routes_completed,SELECT,anon
public,lb_user_routes_completed,TRIGGER,anon
public,lb_user_routes_completed,TRUNCATE,anon
public,lb_user_routes_completed,UPDATE,anon
public,lb_user_routes_completed,DELETE,authenticated
public,lb_user_routes_completed,INSERT,authenticated
public,lb_user_routes_completed,REFERENCES,authenticated
public,lb_user_routes_completed,SELECT,authenticated
public,lb_user_routes_completed,TRIGGER,authenticated
public,lb_user_routes_completed,TRUNCATE,authenticated
public,lb_user_routes_completed,UPDATE,authenticated
public,lb_user_routes_completed,DELETE,service_role
public,lb_user_routes_completed,INSERT,service_role
public,lb_user_routes_completed,REFERENCES,service_role
public,lb_user_routes_completed,SELECT,service_role
public,lb_user_routes_completed,TRIGGER,service_role
public,lb_user_routes_completed,TRUNCATE,service_role
public,lb_user_routes_completed,UPDATE,service_role
public,level_thresholds,DELETE,anon
public,level_thresholds,INSERT,anon
public,level_thresholds,REFERENCES,anon
public,level_thresholds,SELECT,anon
public,level_thresholds,TRIGGER,anon
public,level_thresholds,TRUNCATE,anon
public,level_thresholds,UPDATE,anon
public,level_thresholds,DELETE,authenticated
public,level_thresholds,INSERT,authenticated
public,level_thresholds,REFERENCES,authenticated
public,level_thresholds,SELECT,authenticated
public,level_thresholds,TRIGGER,authenticated
public,level_thresholds,TRUNCATE,authenticated
public,level_thresholds,UPDATE,authenticated
public,level_thresholds,DELETE,service_role
public,level_thresholds,INSERT,service_role
public,level_thresholds,REFERENCES,service_role
public,level_thresholds,SELECT,service_role
public,level_thresholds,TRIGGER,service_role
public,level_thresholds,TRUNCATE,service_role
public,level_thresholds,UPDATE,service_role
public,onboarding_analytics,DELETE,anon
public,onboarding_analytics,INSERT,anon
public,onboarding_analytics,REFERENCES,anon
public,onboarding_analytics,SELECT,anon
public,onboarding_analytics,TRIGGER,anon
public,onboarding_analytics,TRUNCATE,anon
public,onboarding_analytics,UPDATE,anon
public,onboarding_analytics,DELETE,authenticated
public,onboarding_analytics,INSERT,authenticated
public,onboarding_analytics,REFERENCES,authenticated
public,onboarding_analytics,SELECT,authenticated
public,onboarding_analytics,TRIGGER,authenticated
public,onboarding_analytics,TRUNCATE,authenticated
public,onboarding_analytics,UPDATE,authenticated
public,onboarding_analytics,DELETE,service_role
public,onboarding_analytics,INSERT,service_role
public,onboarding_analytics,REFERENCES,service_role
public,onboarding_analytics,SELECT,service_role
public,onboarding_analytics,TRIGGER,service_role
public,onboarding_analytics,TRUNCATE,service_role
public,onboarding_analytics,UPDATE,service_role
public,ratings_per_crawl_user,DELETE,anon
public,ratings_per_crawl_user,INSERT,anon
public,ratings_per_crawl_user,REFERENCES,anon
public,ratings_per_crawl_user,SELECT,anon
public,ratings_per_crawl_user,TRIGGER,anon
public,ratings_per_crawl_user,TRUNCATE,anon
public,ratings_per_crawl_user,UPDATE,anon
public,ratings_per_crawl_user,DELETE,authenticated
public,ratings_per_crawl_user,INSERT,authenticated
public,ratings_per_crawl_user,REFERENCES,authenticated
public,ratings_per_crawl_user,SELECT,authenticated
public,ratings_per_crawl_user,TRIGGER,authenticated
public,ratings_per_crawl_user,TRUNCATE,authenticated
public,ratings_per_crawl_user,UPDATE,authenticated
public,ratings_per_crawl_user,DELETE,service_role
public,ratings_per_crawl_user,INSERT,service_role
public,ratings_per_crawl_user,REFERENCES,service_role
public,ratings_per_crawl_user,SELECT,service_role
public,ratings_per_crawl_user,TRIGGER,service_role
public,ratings_per_crawl_user,TRUNCATE,service_role
public,ratings_per_crawl_user,UPDATE,service_role
public,route_ordered_destinations,DELETE,anon
public,route_ordered_destinations,INSERT,anon
public,route_ordered_destinations,REFERENCES,anon
public,route_ordered_destinations,SELECT,anon
public,route_ordered_destinations,TRIGGER,anon
public,route_ordered_destinations,TRUNCATE,anon
public,route_ordered_destinations,UPDATE,anon
public,route_ordered_destinations,DELETE,authenticated
public,route_ordered_destinations,INSERT,authenticated
public,route_ordered_destinations,REFERENCES,authenticated
public,route_ordered_destinations,SELECT,authenticated
public,route_ordered_destinations,TRIGGER,authenticated
public,route_ordered_destinations,TRUNCATE,authenticated
public,route_ordered_destinations,UPDATE,authenticated
public,route_ordered_destinations,DELETE,service_role
public,route_ordered_destinations,INSERT,service_role
public,route_ordered_destinations,REFERENCES,service_role
public,route_ordered_destinations,SELECT,service_role
public,route_ordered_destinations,TRIGGER,service_role
public,route_ordered_destinations,TRUNCATE,service_role
public,route_ordered_destinations,UPDATE,service_role
public,route_stop_counts,DELETE,anon
public,route_stop_counts,INSERT,anon
public,route_stop_counts,REFERENCES,anon
public,route_stop_counts,SELECT,anon
public,route_stop_counts,TRIGGER,anon
public,route_stop_counts,TRUNCATE,anon
public,route_stop_counts,UPDATE,anon
public,route_stop_counts,DELETE,authenticated
public,route_stop_counts,INSERT,authenticated
public,route_stop_counts,REFERENCES,authenticated
public,route_stop_counts,SELECT,authenticated
public,route_stop_counts,TRIGGER,authenticated
public,route_stop_counts,TRUNCATE,authenticated
public,route_stop_counts,UPDATE,authenticated
public,route_stop_counts,DELETE,service_role
public,route_stop_counts,INSERT,service_role
public,route_stop_counts,REFERENCES,service_role
public,route_stop_counts,SELECT,service_role
public,route_stop_counts,TRIGGER,service_role
public,route_stop_counts,TRUNCATE,service_role
public,route_stop_counts,UPDATE,service_role
public,route_submissions,DELETE,anon
public,route_submissions,INSERT,anon
public,route_submissions,REFERENCES,anon
public,route_submissions,SELECT,anon
public,route_submissions,TRIGGER,anon
public,route_submissions,TRUNCATE,anon
public,route_submissions,UPDATE,anon
public,route_submissions,DELETE,authenticated
public,route_submissions,INSERT,authenticated
public,route_submissions,REFERENCES,authenticated
public,route_submissions,SELECT,authenticated
public,route_submissions,TRIGGER,authenticated
public,route_submissions,TRUNCATE,authenticated
public,route_submissions,UPDATE,authenticated
public,route_submissions,DELETE,service_role
public,route_submissions,INSERT,service_role
public,route_submissions,REFERENCES,service_role
public,route_submissions,SELECT,service_role
public,route_submissions,TRIGGER,service_role
public,route_submissions,TRUNCATE,service_role
public,route_submissions,UPDATE,service_role
public,route_travel_tag,DELETE,anon
public,route_travel_tag,INSERT,anon
public,route_travel_tag,REFERENCES,anon
public,route_travel_tag,SELECT,anon
public,route_travel_tag,TRIGGER,anon
public,route_travel_tag,TRUNCATE,anon
public,route_travel_tag,UPDATE,anon
public,route_travel_tag,DELETE,authenticated
public,route_travel_tag,INSERT,authenticated
public,route_travel_tag,REFERENCES,authenticated
public,route_travel_tag,SELECT,authenticated
public,route_travel_tag,TRIGGER,authenticated
public,route_travel_tag,TRUNCATE,authenticated
public,route_travel_tag,UPDATE,authenticated
public,route_travel_tag,DELETE,service_role
public,route_travel_tag,INSERT,service_role
public,route_travel_tag,REFERENCES,service_role
public,route_travel_tag,SELECT,service_role
public,route_travel_tag,TRIGGER,service_role
public,route_travel_tag,TRUNCATE,service_role
public,route_travel_tag,UPDATE,service_role
public,routes,DELETE,anon
public,routes,INSERT,anon
public,routes,REFERENCES,anon
public,routes,SELECT,anon
public,routes,TRIGGER,anon
public,routes,TRUNCATE,anon
public,routes,UPDATE,anon
public,routes,DELETE,authenticated
public,routes,INSERT,authenticated
public,routes,REFERENCES,authenticated
public,routes,SELECT,authenticated
public,routes,TRIGGER,authenticated
public,routes,TRUNCATE,authenticated
public,routes,UPDATE,authenticated
public,routes,DELETE,service_role
public,routes,INSERT,service_role
public,routes,REFERENCES,service_role
public,routes,SELECT,service_role
public,routes,TRIGGER,service_role
public,routes,TRUNCATE,service_role
public,routes,UPDATE,service_role
public,social_activity_reads,REFERENCES,anon
public,social_activity_reads,SELECT,anon
public,social_activity_reads,TRIGGER,anon
public,social_activity_reads,TRUNCATE,anon
public,social_activity_reads,REFERENCES,authenticated
public,social_activity_reads,SELECT,authenticated
public,social_activity_reads,TRIGGER,authenticated
public,social_activity_reads,TRUNCATE,authenticated
public,social_activity_reads,DELETE,service_role
public,social_activity_reads,INSERT,service_role
public,social_activity_reads,REFERENCES,service_role
public,social_activity_reads,SELECT,service_role
public,social_activity_reads,TRIGGER,service_role
public,social_activity_reads,TRUNCATE,service_role
public,social_activity_reads,UPDATE,service_role
public,socially_visible_crawls,DELETE,anon
public,socially_visible_crawls,INSERT,anon
public,socially_visible_crawls,REFERENCES,anon
public,socially_visible_crawls,SELECT,anon
public,socially_visible_crawls,TRIGGER,anon
public,socially_visible_crawls,TRUNCATE,anon
public,socially_visible_crawls,UPDATE,anon
public,socially_visible_crawls,DELETE,authenticated
public,socially_visible_crawls,INSERT,authenticated
public,socially_visible_crawls,REFERENCES,authenticated
public,socially_visible_crawls,SELECT,authenticated
public,socially_visible_crawls,TRIGGER,authenticated
public,socially_visible_crawls,TRUNCATE,authenticated
public,socially_visible_crawls,UPDATE,authenticated
public,socially_visible_crawls,DELETE,service_role
public,socially_visible_crawls,INSERT,service_role
public,socially_visible_crawls,REFERENCES,service_role
public,socially_visible_crawls,SELECT,service_role
public,socially_visible_crawls,TRIGGER,service_role
public,socially_visible_crawls,TRUNCATE,service_role
public,socially_visible_crawls,UPDATE,service_role
public,socially_visible_destination_ratings,DELETE,anon
public,socially_visible_destination_ratings,INSERT,anon
public,socially_visible_destination_ratings,REFERENCES,anon
public,socially_visible_destination_ratings,SELECT,anon
public,socially_visible_destination_ratings,TRIGGER,anon
public,socially_visible_destination_ratings,TRUNCATE,anon
public,socially_visible_destination_ratings,UPDATE,anon
public,socially_visible_destination_ratings,DELETE,authenticated
public,socially_visible_destination_ratings,INSERT,authenticated
public,socially_visible_destination_ratings,REFERENCES,authenticated
public,socially_visible_destination_ratings,SELECT,authenticated
public,socially_visible_destination_ratings,TRIGGER,authenticated
public,socially_visible_destination_ratings,TRUNCATE,authenticated
public,socially_visible_destination_ratings,UPDATE,authenticated
public,socially_visible_destination_ratings,DELETE,service_role
public,socially_visible_destination_ratings,INSERT,service_role
public,socially_visible_destination_ratings,REFERENCES,service_role
public,socially_visible_destination_ratings,SELECT,service_role
public,socially_visible_destination_ratings,TRIGGER,service_role
public,socially_visible_destination_ratings,TRUNCATE,service_role
public,socially_visible_destination_ratings,UPDATE,service_role
public,socially_visible_users,DELETE,anon
public,socially_visible_users,INSERT,anon
public,socially_visible_users,REFERENCES,anon
public,socially_visible_users,SELECT,anon
public,socially_visible_users,TRIGGER,anon
public,socially_visible_users,TRUNCATE,anon
public,socially_visible_users,UPDATE,anon
public,socially_visible_users,DELETE,authenticated
public,socially_visible_users,INSERT,authenticated
public,socially_visible_users,REFERENCES,authenticated
public,socially_visible_users,SELECT,authenticated
public,socially_visible_users,TRIGGER,authenticated
public,socially_visible_users,TRUNCATE,authenticated
public,socially_visible_users,UPDATE,authenticated
public,socially_visible_users,DELETE,service_role
public,socially_visible_users,INSERT,service_role
public,socially_visible_users,REFERENCES,service_role
public,socially_visible_users,SELECT,service_role
public,socially_visible_users,TRIGGER,service_role
public,socially_visible_users,TRUNCATE,service_role
public,socially_visible_users,UPDATE,service_role
public,states,DELETE,anon
public,states,INSERT,anon
public,states,REFERENCES,anon
public,states,SELECT,anon
public,states,TRIGGER,anon
public,states,TRUNCATE,anon
public,states,UPDATE,anon
public,states,DELETE,authenticated
public,states,INSERT,authenticated
public,states,REFERENCES,authenticated
public,states,SELECT,authenticated
public,states,TRIGGER,authenticated
public,states,TRUNCATE,authenticated
public,states,UPDATE,authenticated
public,states,DELETE,service_role
public,states,INSERT,service_role
public,states,REFERENCES,service_role
public,states,SELECT,service_role
public,states,TRIGGER,service_role
public,states,TRUNCATE,service_role
public,states,UPDATE,service_role
public,user_badges,DELETE,anon
public,user_badges,INSERT,anon
public,user_badges,REFERENCES,anon
public,user_badges,SELECT,anon
public,user_badges,TRIGGER,anon
public,user_badges,TRUNCATE,anon
public,user_badges,UPDATE,anon
public,user_badges,DELETE,authenticated
public,user_badges,INSERT,authenticated
public,user_badges,REFERENCES,authenticated
public,user_badges,SELECT,authenticated
public,user_badges,TRIGGER,authenticated
public,user_badges,TRUNCATE,authenticated
public,user_badges,UPDATE,authenticated
public,user_badges,DELETE,service_role
public,user_badges,INSERT,service_role
public,user_badges,REFERENCES,service_role
public,user_badges,SELECT,service_role
public,user_badges,TRIGGER,service_role
public,user_badges,TRUNCATE,service_role
public,user_badges,UPDATE,service_role
public,user_blocks,REFERENCES,anon
public,user_blocks,SELECT,anon
public,user_blocks,TRIGGER,anon
public,user_blocks,TRUNCATE,anon
public,user_blocks,REFERENCES,authenticated
public,user_blocks,SELECT,authenticated
public,user_blocks,TRIGGER,authenticated
public,user_blocks,TRUNCATE,authenticated
public,user_blocks,DELETE,service_role
public,user_blocks,INSERT,service_role
public,user_blocks,REFERENCES,service_role
public,user_blocks,SELECT,service_role
public,user_blocks,TRIGGER,service_role
public,user_blocks,TRUNCATE,service_role
public,user_blocks,UPDATE,service_role
public,user_contactus,DELETE,anon
public,user_contactus,INSERT,anon
public,user_contactus,REFERENCES,anon
public,user_contactus,SELECT,anon
public,user_contactus,TRIGGER,anon
public,user_contactus,TRUNCATE,anon
public,user_contactus,UPDATE,anon
public,user_contactus,DELETE,authenticated
public,user_contactus,INSERT,authenticated
public,user_contactus,REFERENCES,authenticated
public,user_contactus,SELECT,authenticated
public,user_contactus,TRIGGER,authenticated
public,user_contactus,TRUNCATE,authenticated
public,user_contactus,UPDATE,authenticated
public,user_contactus,DELETE,service_role
public,user_contactus,INSERT,service_role
public,user_contactus,REFERENCES,service_role
public,user_contactus,SELECT,service_role
public,user_contactus,TRIGGER,service_role
public,user_contactus,TRUNCATE,service_role
public,user_contactus,UPDATE,service_role
public,user_events,INSERT,anon
public,user_events,INSERT,authenticated
public,user_events,DELETE,service_role
public,user_events,INSERT,service_role
public,user_events,REFERENCES,service_role
public,user_events,SELECT,service_role
public,user_events,TRIGGER,service_role
public,user_events,TRUNCATE,service_role
public,user_events,UPDATE,service_role
public,user_feedback,DELETE,anon
public,user_feedback,INSERT,anon
public,user_feedback,REFERENCES,anon
public,user_feedback,SELECT,anon
public,user_feedback,TRIGGER,anon
public,user_feedback,TRUNCATE,anon
public,user_feedback,UPDATE,anon
public,user_feedback,DELETE,authenticated
public,user_feedback,INSERT,authenticated
public,user_feedback,REFERENCES,authenticated
public,user_feedback,SELECT,authenticated
public,user_feedback,TRIGGER,authenticated
public,user_feedback,TRUNCATE,authenticated
public,user_feedback,UPDATE,authenticated
public,user_feedback,DELETE,service_role
public,user_feedback,INSERT,service_role
public,user_feedback,REFERENCES,service_role
public,user_feedback,SELECT,service_role
public,user_feedback,TRIGGER,service_role
public,user_feedback,TRUNCATE,service_role
public,user_feedback,UPDATE,service_role
public,user_meta,DELETE,anon
public,user_meta,INSERT,anon
public,user_meta,REFERENCES,anon
public,user_meta,SELECT,anon
public,user_meta,TRIGGER,anon
public,user_meta,TRUNCATE,anon
public,user_meta,UPDATE,anon
public,user_meta,DELETE,authenticated
public,user_meta,INSERT,authenticated
public,user_meta,REFERENCES,authenticated
public,user_meta,SELECT,authenticated
public,user_meta,TRIGGER,authenticated
public,user_meta,TRUNCATE,authenticated
public,user_meta,UPDATE,authenticated
public,user_meta,DELETE,service_role
public,user_meta,INSERT,service_role
public,user_meta,REFERENCES,service_role
public,user_meta,SELECT,service_role
public,user_meta,TRIGGER,service_role
public,user_meta,TRUNCATE,service_role
public,user_meta,UPDATE,service_role
public,user_preferences,DELETE,anon
public,user_preferences,INSERT,anon
public,user_preferences,REFERENCES,anon
public,user_preferences,SELECT,anon
public,user_preferences,TRIGGER,anon
public,user_preferences,TRUNCATE,anon
public,user_preferences,UPDATE,anon
public,user_preferences,DELETE,authenticated
public,user_preferences,INSERT,authenticated
public,user_preferences,REFERENCES,authenticated
public,user_preferences,SELECT,authenticated
public,user_preferences,TRIGGER,authenticated
public,user_preferences,TRUNCATE,authenticated
public,user_preferences,UPDATE,authenticated
public,user_preferences,DELETE,service_role
public,user_preferences,INSERT,service_role
public,user_preferences,REFERENCES,service_role
public,user_preferences,SELECT,service_role
public,user_preferences,TRIGGER,service_role
public,user_preferences,TRUNCATE,service_role
public,user_preferences,UPDATE,service_role
public,user_wing_battle_votes,DELETE,anon
public,user_wing_battle_votes,INSERT,anon
public,user_wing_battle_votes,REFERENCES,anon
public,user_wing_battle_votes,SELECT,anon
public,user_wing_battle_votes,TRIGGER,anon
public,user_wing_battle_votes,TRUNCATE,anon
public,user_wing_battle_votes,UPDATE,anon
public,user_wing_battle_votes,DELETE,authenticated
public,user_wing_battle_votes,INSERT,authenticated
public,user_wing_battle_votes,REFERENCES,authenticated
public,user_wing_battle_votes,SELECT,authenticated
public,user_wing_battle_votes,TRIGGER,authenticated
public,user_wing_battle_votes,TRUNCATE,authenticated
public,user_wing_battle_votes,UPDATE,authenticated
public,user_wing_battle_votes,DELETE,service_role
public,user_wing_battle_votes,INSERT,service_role
public,user_wing_battle_votes,REFERENCES,service_role
public,user_wing_battle_votes,SELECT,service_role
public,user_wing_battle_votes,TRIGGER,service_role
public,user_wing_battle_votes,TRUNCATE,service_role
public,user_wing_battle_votes,UPDATE,service_role
public,user_with_level,DELETE,anon
public,user_with_level,INSERT,anon
public,user_with_level,REFERENCES,anon
public,user_with_level,SELECT,anon
public,user_with_level,TRIGGER,anon
public,user_with_level,TRUNCATE,anon
public,user_with_level,UPDATE,anon
public,user_with_level,DELETE,authenticated
public,user_with_level,INSERT,authenticated
public,user_with_level,REFERENCES,authenticated
public,user_with_level,SELECT,authenticated
public,user_with_level,TRIGGER,authenticated
public,user_with_level,TRUNCATE,authenticated
public,user_with_level,UPDATE,authenticated
public,user_with_level,DELETE,service_role
public,user_with_level,INSERT,service_role
public,user_with_level,REFERENCES,service_role
public,user_with_level,SELECT,service_role
public,user_with_level,TRIGGER,service_role
public,user_with_level,TRUNCATE,service_role
public,user_with_level,UPDATE,service_role
public,users,DELETE,anon
public,users,INSERT,anon
public,users,REFERENCES,anon
public,users,SELECT,anon
public,users,TRIGGER,anon
public,users,TRUNCATE,anon
public,users,UPDATE,anon
public,users,DELETE,authenticated
public,users,INSERT,authenticated
public,users,REFERENCES,authenticated
public,users,SELECT,authenticated
public,users,TRIGGER,authenticated
public,users,TRUNCATE,authenticated
public,users,UPDATE,authenticated
public,users,DELETE,service_role
public,users,INSERT,service_role
public,users,REFERENCES,service_role
public,users,SELECT,service_role
public,users,TRIGGER,service_role
public,users,TRUNCATE,service_role
public,users,UPDATE,service_role
public,users_check_profile,DELETE,anon
public,users_check_profile,INSERT,anon
public,users_check_profile,REFERENCES,anon
public,users_check_profile,SELECT,anon
public,users_check_profile,TRIGGER,anon
public,users_check_profile,TRUNCATE,anon
public,users_check_profile,UPDATE,anon
public,users_check_profile,DELETE,authenticated
public,users_check_profile,INSERT,authenticated
public,users_check_profile,REFERENCES,authenticated
public,users_check_profile,SELECT,authenticated
public,users_check_profile,TRIGGER,authenticated
public,users_check_profile,TRUNCATE,authenticated
public,users_check_profile,UPDATE,authenticated
public,users_check_profile,DELETE,service_role
public,users_check_profile,INSERT,service_role
public,users_check_profile,REFERENCES,service_role
public,users_check_profile,SELECT,service_role
public,users_check_profile,TRIGGER,service_role
public,users_check_profile,TRUNCATE,service_role
public,users_check_profile,UPDATE,service_role
public,users_check_route,DELETE,anon
public,users_check_route,INSERT,anon
public,users_check_route,REFERENCES,anon
public,users_check_route,SELECT,anon
public,users_check_route,TRIGGER,anon
public,users_check_route,TRUNCATE,anon
public,users_check_route,UPDATE,anon
public,users_check_route,DELETE,authenticated
public,users_check_route,INSERT,authenticated
public,users_check_route,REFERENCES,authenticated
public,users_check_route,SELECT,authenticated
public,users_check_route,TRIGGER,authenticated
public,users_check_route,TRUNCATE,authenticated
public,users_check_route,UPDATE,authenticated
public,users_check_route,DELETE,service_role
public,users_check_route,INSERT,service_role
public,users_check_route,REFERENCES,service_role
public,users_check_route,SELECT,service_role
public,users_check_route,TRIGGER,service_role
public,users_check_route,TRUNCATE,service_role
public,users_check_route,UPDATE,service_role
public,v_badges_for_user,DELETE,anon
public,v_badges_for_user,INSERT,anon
public,v_badges_for_user,REFERENCES,anon
public,v_badges_for_user,SELECT,anon
public,v_badges_for_user,TRIGGER,anon
public,v_badges_for_user,TRUNCATE,anon
public,v_badges_for_user,UPDATE,anon
public,v_badges_for_user,DELETE,authenticated
public,v_badges_for_user,INSERT,authenticated
public,v_badges_for_user,REFERENCES,authenticated
public,v_badges_for_user,SELECT,authenticated
public,v_badges_for_user,TRIGGER,authenticated
public,v_badges_for_user,TRUNCATE,authenticated
public,v_badges_for_user,UPDATE,authenticated
public,v_badges_for_user,DELETE,service_role
public,v_badges_for_user,INSERT,service_role
public,v_badges_for_user,REFERENCES,service_role
public,v_badges_for_user,SELECT,service_role
public,v_badges_for_user,TRIGGER,service_role
public,v_badges_for_user,TRUNCATE,service_role
public,v_badges_for_user,UPDATE,service_role
public,v_social_feed,DELETE,anon
public,v_social_feed,INSERT,anon
public,v_social_feed,REFERENCES,anon
public,v_social_feed,SELECT,anon
public,v_social_feed,TRIGGER,anon
public,v_social_feed,TRUNCATE,anon
public,v_social_feed,UPDATE,anon
public,v_social_feed,DELETE,authenticated
public,v_social_feed,INSERT,authenticated
public,v_social_feed,REFERENCES,authenticated
public,v_social_feed,SELECT,authenticated
public,v_social_feed,TRIGGER,authenticated
public,v_social_feed,TRUNCATE,authenticated
public,v_social_feed,UPDATE,authenticated
public,v_social_feed,DELETE,service_role
public,v_social_feed,INSERT,service_role
public,v_social_feed,REFERENCES,service_role
public,v_social_feed,SELECT,service_role
public,v_social_feed,TRIGGER,service_role
public,v_social_feed,TRUNCATE,service_role
public,v_social_feed,UPDATE,service_role
public,wing_battle_options,DELETE,anon
public,wing_battle_options,INSERT,anon
public,wing_battle_options,REFERENCES,anon
public,wing_battle_options,SELECT,anon
public,wing_battle_options,TRIGGER,anon
public,wing_battle_options,TRUNCATE,anon
public,wing_battle_options,UPDATE,anon
public,wing_battle_options,DELETE,authenticated
public,wing_battle_options,INSERT,authenticated
public,wing_battle_options,REFERENCES,authenticated
public,wing_battle_options,SELECT,authenticated
public,wing_battle_options,TRIGGER,authenticated
public,wing_battle_options,TRUNCATE,authenticated
public,wing_battle_options,UPDATE,authenticated
public,wing_battle_options,DELETE,service_role
public,wing_battle_options,INSERT,service_role
public,wing_battle_options,REFERENCES,service_role
public,wing_battle_options,SELECT,service_role
public,wing_battle_options,TRIGGER,service_role
public,wing_battle_options,TRUNCATE,service_role
public,wing_battle_options,UPDATE,service_role
public,wing_battle_options_active,DELETE,anon
public,wing_battle_options_active,INSERT,anon
public,wing_battle_options_active,REFERENCES,anon
public,wing_battle_options_active,SELECT,anon
public,wing_battle_options_active,TRIGGER,anon
public,wing_battle_options_active,TRUNCATE,anon
public,wing_battle_options_active,UPDATE,anon
public,wing_battle_options_active,DELETE,authenticated
public,wing_battle_options_active,INSERT,authenticated
public,wing_battle_options_active,REFERENCES,authenticated
public,wing_battle_options_active,SELECT,authenticated
public,wing_battle_options_active,TRIGGER,authenticated
public,wing_battle_options_active,TRUNCATE,authenticated
public,wing_battle_options_active,UPDATE,authenticated
public,wing_battle_options_active,DELETE,service_role
public,wing_battle_options_active,INSERT,service_role
public,wing_battle_options_active,REFERENCES,service_role
public,wing_battle_options_active,SELECT,service_role
public,wing_battle_options_active,TRIGGER,service_role
public,wing_battle_options_active,TRUNCATE,service_role
public,wing_battle_options_active,UPDATE,service_role
public,wingman_intake_logs,DELETE,anon
public,wingman_intake_logs,INSERT,anon
public,wingman_intake_logs,REFERENCES,anon
public,wingman_intake_logs,SELECT,anon
public,wingman_intake_logs,TRIGGER,anon
public,wingman_intake_logs,TRUNCATE,anon
public,wingman_intake_logs,UPDATE,anon
public,wingman_intake_logs,DELETE,authenticated
public,wingman_intake_logs,INSERT,authenticated
public,wingman_intake_logs,REFERENCES,authenticated
public,wingman_intake_logs,SELECT,authenticated
public,wingman_intake_logs,TRIGGER,authenticated
public,wingman_intake_logs,TRUNCATE,authenticated
public,wingman_intake_logs,UPDATE,authenticated
public,wingman_intake_logs,DELETE,service_role
public,wingman_intake_logs,INSERT,service_role
public,wingman_intake_logs,REFERENCES,service_role
public,wingman_intake_logs,SELECT,service_role
public,wingman_intake_logs,TRIGGER,service_role
public,wingman_intake_logs,TRUNCATE,service_role
public,wingman_intake_logs,UPDATE,service_role
public,xp_ledger,SELECT,authenticated
public,xp_ledger,DELETE,service_role
public,xp_ledger,INSERT,service_role
public,xp_ledger,REFERENCES,service_role
public,xp_ledger,SELECT,service_role
public,xp_ledger,TRIGGER,service_role
public,xp_ledger,TRUNCATE,service_role
public,xp_ledger,UPDATE,service_role
