id,created_at,device_id,user_id,scope,event,detail
31fa896f-a15c-495a-bcba-39439b74520f,2026-06-25 22:19:10.358708+00,d_eb04f65dbc80d8_1774135538176,186df23b-6cbd-40b1-a921-430921a73e9c,facebook,facebook_link_native_attempt,"{""mode"":""link_identity"",""flowId"":""fb_1782425948440_5101a8"",""screen"":""settings"",""provider"":""facebook"",""native_url"":""fb://facewebmodal/f?href=https%3A%2F%2Fwww.facebook.com%2Fdialog%2Foauth%3Fclient_id%3D1407388184397658%26redirect_to%3Dbuffago%253A%252F%252Fauth%252Fcallback%26redirect_uri%3Dhttps%253A%252F%252Fvhfxnizaxdanmvmouuaf.supabase.co%252Fauth%252Fv1%252Fcallback%26response_type%3Dcode%26scope%3Demail%2Bpublic_profile%2Bemail%26skip_http_redirect%3Dtrue%26state%3Df92b8f2a-a316-4b1f-8d26-083fa63b6037"",""target_url"":""https://www.facebook.com/dialog/oauth?client_id=1407388184397658&redirect_to=buffago%3A%2F%2Fauth%2Fcallback&redirect_uri=https%3A%2F%2Fvhfxnizaxdanmvmouuaf.supabase.co%2Fauth%2Fv1%2Fcallback&response_type=code&scope=email+public_profile+email&skip_http_redirect=true&state=%5Bredacted%5D"",""redirect_url"":""buffago://auth/callback"",""device_platform"":""android""}"
0a82434a-9576-499d-8dbf-425fc7c1b757,2026-06-25 22:19:10.142192+00,d_eb04f65dbc80d8_1774135538176,186df23b-6cbd-40b1-a921-430921a73e9c,facebook,facebook_browser_session_opening,"{""mode"":""link_identity"",""flowId"":""fb_1782425948440_5101a8"",""screen"":""settings"",""redirect"":{""host"":""auth"",""path"":""/callback"",""hasCode"":false,""hasError"":false,""protocol"":""buffago"",""queryKeys"":[],""hasProvider"":false,""fragmentKeys"":[],""hasIdentityId"":false,""hasAccessToken"":false,""hasRefreshToken"":false,""redirectToScheme"":null},""elapsedMs"":1506,""providerUrl"":{""host"":""www.facebook.com"",""path"":""/dialog/oauth"",""hasCode"":false,""hasError"":false,""protocol"":""https"",""queryKeys"":[""client_id"",""redirect_to"",""redirect_uri"",""response_type"",""scope"",""skip_http_redirect""],""hasProvider"":false,""fragmentKeys"":[],""hasIdentityId"":false,""hasAccessToken"":false,""hasRefreshToken"":false,""redirectToScheme"":""[invalid-url]""}}"
5c204502-6a9b-4c68-ac84-618e3b8bc911,2026-06-25 22:19:09.918415+00,d_eb04f65dbc80d8_1774135538176,186df23b-6cbd-40b1-a921-430921a73e9c,facebook,facebook_oauth_request_succeeded,"{""mode"":""link_identity"",""flowId"":""fb_1782425948440_5101a8"",""screen"":""settings"",""elapsedMs"":1261,""providerUrl"":{""host"":""www.facebook.com"",""path"":""/dialog/oauth"",""hasCode"":false,""hasError"":false,""protocol"":""https"",""queryKeys"":[""client_id"",""redirect_to"",""redirect_uri"",""response_type"",""scope"",""skip_http_redirect""],""hasProvider"":false,""fragmentKeys"":[],""hasIdentityId"":false,""hasAccessToken"":false,""hasRefreshToken"":false,""redirectToScheme"":""[invalid-url]""},""hasProviderUrl"":true}"
50006939-1ca1-4804-9eec-1b137fa97834,2026-06-25 22:19:09.641809+00,d_eb04f65dbc80d8_1774135538176,186df23b-6cbd-40b1-a921-430921a73e9c,facebook,facebook_link_open_url,"{""mode"":""link_identity"",""flowId"":""fb_1782425948440_5101a8"",""screen"":""settings"",""provider"":""facebook"",""target_url"":""https://www.facebook.com/dialog/oauth?client_id=1407388184397658&redirect_to=buffago%3A%2F%2Fauth%2Fcallback&redirect_uri=https%3A%2F%2Fvhfxnizaxdanmvmouuaf.supabase.co%2Fauth%2Fv1%2Fcallback&response_type=code&scope=email+public_profile+email&skip_http_redirect=true&state=%5Bredacted%5D"",""redirect_url"":""buffago://auth/callback"",""device_platform"":""android""}"
bcafb60a-eaba-4605-916e-94206cec39ab,2026-06-25 22:19:09.306018+00,d_eb04f65dbc80d8_1774135538176,186df23b-6cbd-40b1-a921-430921a73e9c,facebook,facebook_oauth_request_started,"{""app"":{""build"":5,""platform"":""android"",""appVersion"":""1.0.3"",""packageName"":""com.buffago.app"",""appOwnership"":null,""executionEnvironment"":""bare""},""mode"":""link_identity"",""flowId"":""fb_1782425948440_5101a8"",""screen"":""settings"",""redirect"":{""host"":""auth"",""path"":""/callback"",""hasCode"":false,""hasError"":false,""protocol"":""buffago"",""queryKeys"":[],""hasProvider"":false,""fragmentKeys"":[],""hasIdentityId"":false,""hasAccessToken"":false,""hasRefreshToken"":false,""redirectToScheme"":null},""elapsedMs"":648,""customTabs"":{""error"":null,""browserPackageCount"":1,""servicePackageCount"":2,""defaultBrowserPackage"":""com.android.chrome"",""preferredBrowserPackage"":""com.android.chrome""}}"
8fce6654-2135-449e-a8a0-ff4484e490be,2026-06-25 22:19:09.059578+00,d_eb04f65dbc80d8_1774135538176,186df23b-6cbd-40b1-a921-430921a73e9c,facebook,facebook_button_tapped,"{""mode"":""link_identity"",""build"":5,""flowId"":""fb_1782425948440_5101a8"",""screen"":""settings"",""platform"":""android"",""redirect"":{""host"":""auth"",""path"":""/callback"",""hasCode"":false,""hasError"":false,""protocol"":""buffago"",""queryKeys"":[],""hasProvider"":false,""fragmentKeys"":[],""hasIdentityId"":false,""hasAccessToken"":false,""hasRefreshToken"":false,""redirectToScheme"":null},""elapsedMs"":393,""appVersion"":""1.0.3"",""hasSession"":true,""packageName"":""com.buffago.app"",""appOwnership"":null,""executionEnvironment"":""bare""}"
2c17efb1-826d-427c-8a8c-6f7ebeb6444f,2026-06-25 22:19:08.773545+00,d_eb04f65dbc80d8_1774135538176,186df23b-6cbd-40b1-a921-430921a73e9c,facebook,facebook_link_start,"{""mode"":""link_identity"",""flowId"":""fb_1782425948440_5101a8"",""screen"":""settings"",""app_info"":{""build"":5,""platform"":""android"",""appVersion"":""1.0.3"",""packageName"":""com.buffago.app"",""appOwnership"":null,""executionEnvironment"":""bare""},""provider"":""facebook"",""target_url"":null,""redirect_url"":""buffago://auth/callback"",""device_platform"":""android""}"
159702f4-7cb5-409e-9add-3df99a1c83d5,2026-06-25 22:19:05.58937+00,d_eb04f65dbc80d8_1774135538176,186df23b-6cbd-40b1-a921-430921a73e9c,facebook,facebook_flow_finished,"{""mode"":""link_identity"",""config"":{""appScheme"":""buffago"",""redirectUrl"":{""host"":""auth"",""path"":""/callback"",""hasCode"":false,""hasError"":false,""protocol"":""buffago"",""queryKeys"":[],""hasProvider"":false,""fragmentKeys"":[],""hasIdentityId"":false,""hasAccessToken"":false,""hasRefreshToken"":false,""redirectToScheme"":null},""oauthSurface"":""chrome_custom_tabs"",""androidPackage"":""com.buffago.app"",""requiredAndroidIntent"":""buffago://auth/callback"",""requiredSupabaseProvider"":""Facebook provider enabled with App ID and App Secret"",""requiredFacebookOauthRedirect"":""https://vhfxnizaxdanmvmouuaf.supabase.co/auth/v1/callback"",""requiredSupabaseRedirectAllowListEntry"":""buffago://auth/callback""},""flowId"":""fb_1782425926720_7a67f0"",""screen"":""settings"",""outcome"":""cancelled"",""elapsedMs"":18672,""browserResultType"":""dismiss""}"
ae90a611-bf84-48b9-91d3-ff6dffd0e12d,2026-06-25 22:19:05.331482+00,d_eb04f65dbc80d8_1774135538176,186df23b-6cbd-40b1-a921-430921a73e9c,facebook,facebook_link_cancelled,"{""mode"":""link_identity"",""flowId"":""fb_1782425926720_7a67f0"",""screen"":""settings"",""provider"":""facebook"",""target_url"":""https://www.facebook.com/dialog/oauth?client_id=1407388184397658&redirect_to=buffago%3A%2F%2Fauth%2Fcallback&redirect_uri=https%3A%2F%2Fvhfxnizaxdanmvmouuaf.supabase.co%2Fauth%2Fv1%2Fcallback&response_type=code&scope=email+public_profile+email&skip_http_redirect=true&state=%5Bredacted%5D"",""redirect_url"":""buffago://auth/callback"",""device_platform"":""android"",""observed_redirect"":false,""browser_result_type"":""dismiss""}"
52895d8c-75e6-4ed0-b9de-79ec0b1b93ab,2026-06-25 22:19:03.308436+00,d_eb04f65dbc80d8_1774135538176,186df23b-6cbd-40b1-a921-430921a73e9c,facebook,facebook_android_redirect_grace_started,"{""mode"":""link_identity"",""flowId"":""fb_1782425926720_7a67f0"",""screen"":""settings"",""elapsedMs"":16406,""durationMs"":1800,""resultType"":""dismiss""}"
981b4e9e-475d-48b5-8bc5-6780c109643c,2026-06-25 22:19:03.118592+00,d_eb04f65dbc80d8_1774135538176,186df23b-6cbd-40b1-a921-430921a73e9c,facebook,facebook_browser_session_result,"{""mode"":""link_identity"",""type"":""dismiss"",""flowId"":""fb_1782425926720_7a67f0"",""hasUrl"":false,""screen"":""settings"",""elapsedMs"":16163,""resultUrl"":null,""observedRedirect"":false}"
b109cf70-d21e-4248-b0fa-064c5b012438,2026-06-25 22:18:58.199022+00,d_eb04f65dbc80d8_1774135538176,186df23b-6cbd-40b1-a921-430921a73e9c,facebook,facebook_link_browser_opened,"{""mode"":""link_identity"",""flowId"":""fb_1782425926720_7a67f0"",""screen"":""settings"",""provider"":""facebook"",""target_url"":""https://www.facebook.com/dialog/oauth?client_id=1407388184397658&redirect_to=buffago%3A%2F%2Fauth%2Fcallback&redirect_uri=https%3A%2F%2Fvhfxnizaxdanmvmouuaf.supabase.co%2Fauth%2Fv1%2Fcallback&response_type=code&scope=email+public_profile+email&skip_http_redirect=true&state=%5Bredacted%5D"",""redirect_url"":""buffago://auth/callback"",""device_platform"":""android""}"
0128b628-68c7-46cf-a2f2-338cba09ff73,2026-06-25 22:18:58.002357+00,d_eb04f65dbc80d8_1774135538176,186df23b-6cbd-40b1-a921-430921a73e9c,facebook,facebook_link_timeout,"{""mode"":""link_identity"",""phase"":""native_wait"",""flowId"":""fb_1782425926720_7a67f0"",""screen"":""settings"",""provider"":""facebook"",""target_url"":""https://www.facebook.com/dialog/oauth?client_id=1407388184397658&redirect_to=buffago%3A%2F%2Fauth%2Fcallback&redirect_uri=https%3A%2F%2Fvhfxnizaxdanmvmouuaf.supabase.co%2Fauth%2Fv1%2Fcallback&response_type=code&scope=email+public_profile+email&skip_http_redirect=true&state=%5Bredacted%5D"",""redirect_url"":""buffago://auth/callback"",""device_platform"":""android""}"
bb4f12f6-0267-4e43-864b-7d15f6952ce7,2026-06-25 22:18:48.78116+00,d_eb04f65dbc80d8_1774135538176,186df23b-6cbd-40b1-a921-430921a73e9c,facebook,facebook_link_native_attempt,"{""mode"":""link_identity"",""flowId"":""fb_1782425926720_7a67f0"",""screen"":""settings"",""provider"":""facebook"",""native_url"":""fb://facewebmodal/f?href=https%3A%2F%2Fwww.facebook.com%2Fdialog%2Foauth%3Fclient_id%3D1407388184397658%26redirect_to%3Dbuffago%253A%252F%252Fauth%252Fcallback%26redirect_uri%3Dhttps%253A%252F%252Fvhfxnizaxdanmvmouuaf.supabase.co%252Fauth%252Fv1%252Fcallback%26response_type%3Dcode%26scope%3Demail%2Bpublic_profile%2Bemail%26skip_http_redirect%3Dtrue%26state%3D9b325b95-2b8c-4234-b68a-5fd2bd6e9a37"",""target_url"":""https://www.facebook.com/dialog/oauth?client_id=1407388184397658&redirect_to=buffago%3A%2F%2Fauth%2Fcallback&redirect_uri=https%3A%2F%2Fvhfxnizaxdanmvmouuaf.supabase.co%2Fauth%2Fv1%2Fcallback&response_type=code&scope=email+public_profile+email&skip_http_redirect=true&state=%5Bredacted%5D"",""redirect_url"":""buffago://auth/callback"",""device_platform"":""android""}"
b5a7e8cc-4cb4-431e-bacb-4b9968f892dd,2026-06-25 22:18:48.538188+00,d_eb04f65dbc80d8_1774135538176,186df23b-6cbd-40b1-a921-430921a73e9c,facebook,facebook_browser_session_opening,"{""mode"":""link_identity"",""flowId"":""fb_1782425926720_7a67f0"",""screen"":""settings"",""redirect"":{""host"":""auth"",""path"":""/callback"",""hasCode"":false,""hasError"":false,""protocol"":""buffago"",""queryKeys"":[],""hasProvider"":false,""fragmentKeys"":[],""hasIdentityId"":false,""hasAccessToken"":false,""hasRefreshToken"":false,""redirectToScheme"":null},""elapsedMs"":1630,""providerUrl"":{""host"":""www.facebook.com"",""path"":""/dialog/oauth"",""hasCode"":false,""hasError"":false,""protocol"":""https"",""queryKeys"":[""client_id"",""redirect_to"",""redirect_uri"",""response_type"",""scope"",""skip_http_redirect""],""hasProvider"":false,""fragmentKeys"":[],""hasIdentityId"":false,""hasAccessToken"":false,""hasRefreshToken"":false,""redirectToScheme"":""[invalid-url]""}}"
cd128d52-8cea-44b7-965d-85b17b95d503,2026-06-25 22:18:48.301693+00,d_eb04f65dbc80d8_1774135538176,186df23b-6cbd-40b1-a921-430921a73e9c,facebook,facebook_oauth_request_succeeded,"{""mode"":""link_identity"",""flowId"":""fb_1782425926720_7a67f0"",""screen"":""settings"",""elapsedMs"":1367,""providerUrl"":{""host"":""www.facebook.com"",""path"":""/dialog/oauth"",""hasCode"":false,""hasError"":false,""protocol"":""https"",""queryKeys"":[""client_id"",""redirect_to"",""redirect_uri"",""response_type"",""scope"",""skip_http_redirect""],""hasProvider"":false,""fragmentKeys"":[],""hasIdentityId"":false,""hasAccessToken"":false,""hasRefreshToken"":false,""redirectToScheme"":""[invalid-url]""},""hasProviderUrl"":true}"
097bdbb1-2300-4d4d-b36a-3d6c83698729,2026-06-25 22:18:48.020434+00,d_eb04f65dbc80d8_1774135538176,186df23b-6cbd-40b1-a921-430921a73e9c,facebook,facebook_link_open_url,"{""mode"":""link_identity"",""flowId"":""fb_1782425926720_7a67f0"",""screen"":""settings"",""provider"":""facebook"",""target_url"":""https://www.facebook.com/dialog/oauth?client_id=1407388184397658&redirect_to=buffago%3A%2F%2Fauth%2Fcallback&redirect_uri=https%3A%2F%2Fvhfxnizaxdanmvmouuaf.supabase.co%2Fauth%2Fv1%2Fcallback&response_type=code&scope=email+public_profile+email&skip_http_redirect=true&state=%5Bredacted%5D"",""redirect_url"":""buffago://auth/callback"",""device_platform"":""android""}"
7abac6aa-7de4-47b3-9eeb-95de3dfa953c,2026-06-25 22:18:47.637799+00,d_eb04f65dbc80d8_1774135538176,186df23b-6cbd-40b1-a921-430921a73e9c,facebook,facebook_oauth_request_started,"{""app"":{""build"":5,""platform"":""android"",""appVersion"":""1.0.3"",""packageName"":""com.buffago.app"",""appOwnership"":null,""executionEnvironment"":""bare""},""mode"":""link_identity"",""flowId"":""fb_1782425926720_7a67f0"",""screen"":""settings"",""redirect"":{""host"":""auth"",""path"":""/callback"",""hasCode"":false,""hasError"":false,""protocol"":""buffago"",""queryKeys"":[],""hasProvider"":false,""fragmentKeys"":[],""hasIdentityId"":false,""hasAccessToken"":false,""hasRefreshToken"":false,""redirectToScheme"":null},""elapsedMs"":687,""customTabs"":{""error"":null,""browserPackageCount"":1,""servicePackageCount"":2,""defaultBrowserPackage"":""com.android.chrome"",""preferredBrowserPackage"":""com.android.chrome""}}"
9dd4e962-63b9-4258-959e-69f2ebbdb2ff,2026-06-25 22:18:47.365901+00,d_eb04f65dbc80d8_1774135538176,186df23b-6cbd-40b1-a921-430921a73e9c,facebook,facebook_button_tapped,"{""mode"":""link_identity"",""build"":5,""flowId"":""fb_1782425926720_7a67f0"",""screen"":""settings"",""platform"":""android"",""redirect"":{""host"":""auth"",""path"":""/callback"",""hasCode"":false,""hasError"":false,""protocol"":""buffago"",""queryKeys"":[],""hasProvider"":false,""fragmentKeys"":[],""hasIdentityId"":false,""hasAccessToken"":false,""hasRefreshToken"":false,""redirectToScheme"":null},""elapsedMs"":414,""appVersion"":""1.0.3"",""hasSession"":true,""packageName"":""com.buffago.app"",""appOwnership"":null,""executionEnvironment"":""bare""}"
0f128cc8-4f27-46e0-98a6-3fa46dd62a75,2026-06-25 22:18:47.070565+00,d_eb04f65dbc80d8_1774135538176,186df23b-6cbd-40b1-a921-430921a73e9c,facebook,facebook_link_start,"{""mode"":""link_identity"",""flowId"":""fb_1782425926720_7a67f0"",""screen"":""settings"",""app_info"":{""build"":5,""platform"":""android"",""appVersion"":""1.0.3"",""packageName"":""com.buffago.app"",""appOwnership"":null,""executionEnvironment"":""bare""},""provider"":""facebook"",""target_url"":null,""redirect_url"":""buffago://auth/callback"",""device_platform"":""android""}"
dac015f5-cf9a-47ff-93c0-b20298823fd6,2026-06-25 22:18:41.312478+00,d_eb04f65dbc80d8_1774135538176,186df23b-6cbd-40b1-a921-430921a73e9c,privacy,social_opt_out_setting_viewed,"{""value"":false,""source_screen"":""settings"",""canAppearSocially"":true}"
d02e9b39-d073-43c4-8372-693ecd179b58,2026-06-25 22:18:40.771146+00,d_eb04f65dbc80d8_1774135538176,186df23b-6cbd-40b1-a921-430921a73e9c,facebook,facebook_final_ui_state,"{""source"":""users"",""identityConnected"":false,""persistedConnected"":false}"
1c917675-692e-42ab-ae11-02d498ae8291,2026-06-25 22:18:40.732498+00,d_eb04f65dbc80d8_1774135538176,186df23b-6cbd-40b1-a921-430921a73e9c,facebook,facebook_final_ui_state,"{""source"":""users"",""identityConnected"":false,""persistedConnected"":false}"
c4d842f4-e77d-4a55-abc2-daf6d684e5ae,2026-06-24 22:39:51.942896+00,d_eb04f65dbc80d8_1774135538176,186df23b-6cbd-40b1-a921-430921a73e9c,privacy,social_opt_out_setting_viewed,"{""value"":false,""source_screen"":""settings"",""canAppearSocially"":true}"
df2f3099-e121-4bfd-ad56-de7f060efcac,2026-06-24 22:39:51.428092+00,d_eb04f65dbc80d8_1774135538176,186df23b-6cbd-40b1-a921-430921a73e9c,facebook,facebook_final_ui_state,"{""source"":""users"",""identityConnected"":false,""persistedConnected"":false}"
ed02c5f4-6075-4bfa-8269-a7a409231f86,2026-06-24 22:39:51.398101+00,d_eb04f65dbc80d8_1774135538176,186df23b-6cbd-40b1-a921-430921a73e9c,facebook,facebook_final_ui_state,"{""source"":""users"",""identityConnected"":false,""persistedConnected"":false}"
25371885-7504-45c3-be6d-414c41010c20,2026-06-24 15:28:15.1585+00,d_9dd134f7e56698_1782314846382,null,facebook,facebook_flow_finished,"{""mode"":""sign_in"",""config"":{""appScheme"":""buffago"",""redirectUrl"":{""host"":""auth"",""path"":""/callback"",""hasCode"":false,""hasError"":false,""protocol"":""buffago"",""queryKeys"":[],""hasProvider"":false,""fragmentKeys"":[],""hasIdentityId"":false,""hasAccessToken"":false,""hasRefreshToken"":false,""redirectToScheme"":null},""oauthSurface"":""chrome_custom_tabs"",""androidPackage"":""com.buffago.app"",""requiredAndroidIntent"":""buffago://auth/callback"",""requiredSupabaseProvider"":""Facebook provider enabled with App ID and App Secret"",""requiredFacebookOauthRedirect"":""https://vhfxnizaxdanmvmouuaf.supabase.co/auth/v1/callback"",""requiredSupabaseRedirectAllowListEntry"":""buffago://auth/callback""},""flowId"":""fb_1782314886326_c9c755"",""screen"":""auth/login"",""outcome"":""cancelled"",""elapsedMs"":6574,""browserResultType"":""dismiss""}"
6d7e928f-dbf7-43ba-a024-765bd106fed2,2026-06-24 15:28:14.790126+00,d_9dd134f7e56698_1782314846382,null,facebook,facebook_link_cancelled,"{""mode"":""sign_in"",""flowId"":""fb_1782314886326_c9c755"",""screen"":""auth/login"",""provider"":""facebook"",""target_url"":""https://vhfxnizaxdanmvmouuaf.supabase.co/auth/v1/authorize?provider=facebook&redirect_to=buffago%3A%2F%2Fauth%2Fcallback&scopes=public_profile%2Cemail"",""redirect_url"":""buffago://auth/callback"",""device_platform"":""android"",""observed_redirect"":false,""browser_result_type"":""dismiss""}"
83d696d5-21c4-46ab-b772-4a95c47df1e2,2026-06-24 15:28:12.783887+00,d_9dd134f7e56698_1782314846382,null,facebook,facebook_android_redirect_grace_started,"{""mode"":""sign_in"",""flowId"":""fb_1782314886326_c9c755"",""screen"":""auth/login"",""elapsedMs"":4313,""durationMs"":1800,""resultType"":""dismiss""}"
9b9e58b4-4aa7-4a70-86b9-9963689246cb,2026-06-24 15:28:12.602681+00,d_9dd134f7e56698_1782314846382,null,facebook,facebook_browser_session_result,"{""mode"":""sign_in"",""type"":""dismiss"",""flowId"":""fb_1782314886326_c9c755"",""hasUrl"":false,""screen"":""auth/login"",""elapsedMs"":3624,""resultUrl"":null,""observedRedirect"":false}"
f6ab3951-20e5-4dcb-88a2-4712c9233c54,2026-06-24 15:28:10.23462+00,d_9dd134f7e56698_1782314846382,null,facebook,facebook_link_browser_opened,"{""mode"":""sign_in"",""flowId"":""fb_1782314886326_c9c755"",""screen"":""auth/login"",""provider"":""facebook"",""target_url"":""https://vhfxnizaxdanmvmouuaf.supabase.co/auth/v1/authorize?provider=facebook&redirect_to=buffago%3A%2F%2Fauth%2Fcallback&scopes=public_profile%2Cemail"",""redirect_url"":""buffago://auth/callback"",""device_platform"":""android""}"
f3c3a4fb-e030-4d7d-bfda-0273df7e906e,2026-06-24 15:28:10.051192+00,d_9dd134f7e56698_1782314846382,null,facebook,facebook_link_failure,"{""mode"":""sign_in"",""error"":""Could not open URL 'fb://facewebmodal/f?href=https%3A%2F%2Fvhfxnizaxdanmvmouuaf.supabase.co%2Fauth%2Fv1%2Fauthorize%3Fprovider%3Dfacebook%26redirect_to%3Dbuffago%253A%252F%252Fauth%252Fcallback%26scopes%3Dpublic_profile%252Cemail': No Activity found to handle Intent { act=android.intent.action.VIEW dat=fb://facewebmodal/f?href=https://vhfxnizaxdanmvmouuaf.supabase.co/auth/v1/authorize?provider=facebook&redirect_to=buffago%3A%2F%2Fauth%2Fcallback&scopes=public_profile%2Cemail flg=0x10000000 }"",""phase"":""native_open"",""stack"":""com.facebook.react.bridge.JSApplicationIllegalArgumentException: Could not open URL 'fb://facewebmodal/f?href=https%3A%2F%2Fvhfxnizaxdanmvmouuaf.supabase.co%2Fauth%2Fv1%2Fauthorize%3Fprovider%3Dfacebook%26redirect_to%3Dbuffago%253A%252F%252Fauth%252Fcallback%26scopes%3Dpublic_profile%252Cemail': No Activity found to handle Intent { act=android.intent.action.VIEW dat=fb://facewebmodal/f?href=https://vhfxnizaxdanmvmouuaf.supabase.co/auth/v1/authorize?provider=facebook&redirect_to=buffago%3A%2F%2Fa"",""flowId"":""fb_1782314886326_c9c755"",""screen"":""auth/login"",""provider"":""facebook"",""target_url"":""https://vhfxnizaxdanmvmouuaf.supabase.co/auth/v1/authorize?provider=facebook&redirect_to=buffago%3A%2F%2Fauth%2Fcallback&scopes=public_profile%2Cemail"",""redirect_url"":""buffago://auth/callback"",""device_platform"":""android""}"
8be2756e-7f1e-46e4-80d5-aab83aa3ce58,2026-06-24 15:28:09.901487+00,d_9dd134f7e56698_1782314846382,null,facebook,facebook_link_native_attempt,"{""mode"":""sign_in"",""flowId"":""fb_1782314886326_c9c755"",""screen"":""auth/login"",""provider"":""facebook"",""native_url"":""fb://facewebmodal/f?href=https%3A%2F%2Fvhfxnizaxdanmvmouuaf.supabase.co%2Fauth%2Fv1%2Fauthorize%3Fprovider%3Dfacebook%26redirect_to%3Dbuffago%253A%252F%252Fauth%252Fcallback%26scopes%3Dpublic_profile%252Cemail"",""target_url"":""https://vhfxnizaxdanmvmouuaf.supabase.co/auth/v1/authorize?provider=facebook&redirect_to=buffago%3A%2F%2Fauth%2Fcallback&scopes=public_profile%2Cemail"",""redirect_url"":""buffago://auth/callback"",""device_platform"":""android""}"
82661280-1433-458f-86bf-90360b9c1d96,2026-06-24 15:28:09.734855+00,d_9dd134f7e56698_1782314846382,null,facebook,facebook_browser_session_opening,"{""mode"":""sign_in"",""flowId"":""fb_1782314886326_c9c755"",""screen"":""auth/login"",""redirect"":{""host"":""auth"",""path"":""/callback"",""hasCode"":false,""hasError"":false,""protocol"":""buffago"",""queryKeys"":[],""hasProvider"":false,""fragmentKeys"":[],""hasIdentityId"":false,""hasAccessToken"":false,""hasRefreshToken"":false,""redirectToScheme"":null},""elapsedMs"":1255,""providerUrl"":{""host"":""vhfxnizaxdanmvmouuaf.supabase.co"",""path"":""/auth/v1/authorize"",""hasCode"":false,""hasError"":false,""protocol"":""https"",""queryKeys"":[""provider"",""redirect_to"",""scopes""],""hasProvider"":true,""fragmentKeys"":[],""hasIdentityId"":false,""hasAccessToken"":false,""hasRefreshToken"":false,""redirectToScheme"":""[invalid-url]""}}"
7093d234-e0ac-4a1b-b2e9-0abe8eea5b0e,2026-06-24 15:28:09.407262+00,d_9dd134f7e56698_1782314846382,null,facebook,facebook_oauth_request_succeeded,"{""mode"":""sign_in"",""flowId"":""fb_1782314886326_c9c755"",""screen"":""auth/login"",""elapsedMs"":912,""providerUrl"":{""host"":""vhfxnizaxdanmvmouuaf.supabase.co"",""path"":""/auth/v1/authorize"",""hasCode"":false,""hasError"":false,""protocol"":""https"",""queryKeys"":[""provider"",""redirect_to"",""scopes""],""hasProvider"":true,""fragmentKeys"":[],""hasIdentityId"":false,""hasAccessToken"":false,""hasRefreshToken"":false,""redirectToScheme"":""[invalid-url]""},""hasProviderUrl"":true}"
a4c5a5b6-3af1-4331-990c-9f4e3147d68d,2026-06-24 15:28:09.18019+00,d_9dd134f7e56698_1782314846382,null,facebook,facebook_link_open_url,"{""mode"":""sign_in"",""flowId"":""fb_1782314886326_c9c755"",""screen"":""auth/login"",""provider"":""facebook"",""target_url"":""https://vhfxnizaxdanmvmouuaf.supabase.co/auth/v1/authorize?provider=facebook&redirect_to=buffago%3A%2F%2Fauth%2Fcallback&scopes=public_profile%2Cemail"",""redirect_url"":""buffago://auth/callback"",""device_platform"":""android""}"
2525765b-3948-4373-a3c2-995744611e6c,2026-06-24 15:28:09.019545+00,d_9dd134f7e56698_1782314846382,null,facebook,facebook_oauth_request_started,"{""app"":{""build"":5,""platform"":""android"",""appVersion"":""1.0.3"",""packageName"":""com.buffago.app"",""appOwnership"":null,""executionEnvironment"":""bare""},""mode"":""sign_in"",""flowId"":""fb_1782314886326_c9c755"",""screen"":""auth/login"",""redirect"":{""host"":""auth"",""path"":""/callback"",""hasCode"":false,""hasError"":false,""protocol"":""buffago"",""queryKeys"":[],""hasProvider"":false,""fragmentKeys"":[],""hasIdentityId"":false,""hasAccessToken"":false,""hasRefreshToken"":false,""redirectToScheme"":null},""elapsedMs"":608,""customTabs"":{""error"":null,""browserPackageCount"":1,""servicePackageCount"":1,""defaultBrowserPackage"":""com.android.chrome"",""preferredBrowserPackage"":""com.android.chrome""}}"
3df69209-0538-4c16-ac70-4942a72d31df,2026-06-24 15:28:08.85353+00,d_9dd134f7e56698_1782314846382,null,facebook,facebook_button_tapped,"{""mode"":""sign_in"",""build"":5,""flowId"":""fb_1782314886326_c9c755"",""screen"":""auth/login"",""platform"":""android"",""redirect"":{""host"":""auth"",""path"":""/callback"",""hasCode"":false,""hasError"":false,""protocol"":""buffago"",""queryKeys"":[],""hasProvider"":false,""fragmentKeys"":[],""hasIdentityId"":false,""hasAccessToken"":false,""hasRefreshToken"":false,""redirectToScheme"":null},""elapsedMs"":430,""appVersion"":""1.0.3"",""hasSession"":false,""packageName"":""com.buffago.app"",""appOwnership"":null,""executionEnvironment"":""bare""}"
3636f28e-52c8-4b98-bb7b-a272231f74f1,2026-06-24 15:28:08.554035+00,d_9dd134f7e56698_1782314846382,null,facebook,facebook_link_start,"{""mode"":""sign_in"",""flowId"":""fb_1782314886326_c9c755"",""screen"":""auth/login"",""app_info"":{""build"":5,""platform"":""android"",""appVersion"":""1.0.3"",""packageName"":""com.buffago.app"",""appOwnership"":null,""executionEnvironment"":""bare""},""provider"":""facebook"",""target_url"":null,""redirect_url"":""buffago://auth/callback"",""device_platform"":""android""}"
97b14411-d831-4816-97cd-afeb2e147883,2026-06-24 15:27:49.830685+00,d_f03c1a855c24c_1782314819659,null,facebook,facebook_flow_finished,"{""mode"":""sign_in"",""config"":{""appScheme"":""buffago"",""redirectUrl"":{""host"":""auth"",""path"":""/callback"",""hasCode"":false,""hasError"":false,""protocol"":""buffago"",""queryKeys"":[],""hasProvider"":false,""fragmentKeys"":[],""hasIdentityId"":false,""hasAccessToken"":false,""hasRefreshToken"":false,""redirectToScheme"":null},""oauthSurface"":""chrome_custom_tabs"",""androidPackage"":""com.buffago.app"",""requiredAndroidIntent"":""buffago://auth/callback"",""requiredSupabaseProvider"":""Facebook provider enabled with App ID and App Secret"",""requiredFacebookOauthRedirect"":""https://vhfxnizaxdanmvmouuaf.supabase.co/auth/v1/callback"",""requiredSupabaseRedirectAllowListEntry"":""buffago://auth/callback""},""flowId"":""fb_1782314861202_11758c"",""screen"":""auth/login"",""outcome"":""cancelled"",""elapsedMs"":6646,""browserResultType"":""dismiss""}"
64ccd659-c356-4a84-bed2-e4062c9a7b07,2026-06-24 15:27:49.6977+00,d_f03c1a855c24c_1782314819659,null,facebook,facebook_link_cancelled,"{""mode"":""sign_in"",""flowId"":""fb_1782314861202_11758c"",""screen"":""auth/login"",""provider"":""facebook"",""target_url"":""https://vhfxnizaxdanmvmouuaf.supabase.co/auth/v1/authorize?provider=facebook&redirect_to=buffago%3A%2F%2Fauth%2Fcallback&scopes=public_profile%2Cemail"",""redirect_url"":""buffago://auth/callback"",""device_platform"":""android"",""observed_redirect"":false,""browser_result_type"":""dismiss""}"
3c94f1f2-3817-4ed1-ae7d-858b8f52c697,2026-06-24 15:27:47.642587+00,d_f03c1a855c24c_1782314819659,null,facebook,facebook_android_redirect_grace_started,"{""mode"":""sign_in"",""flowId"":""fb_1782314861202_11758c"",""screen"":""auth/login"",""elapsedMs"":4295,""durationMs"":1800,""resultType"":""dismiss""}"
44e37803-1d1f-4ef2-98ff-c488b7d59c56,2026-06-24 15:27:47.342825+00,d_f03c1a855c24c_1782314819659,null,facebook,facebook_browser_session_result,"{""mode"":""sign_in"",""type"":""dismiss"",""flowId"":""fb_1782314861202_11758c"",""hasUrl"":false,""screen"":""auth/login"",""elapsedMs"":3772,""resultUrl"":null,""observedRedirect"":false}"
17dac2a7-b27e-4de5-a8e3-5f0fc9e0315b,2026-06-24 15:27:45.045004+00,d_f03c1a855c24c_1782314819659,null,facebook,facebook_link_browser_opened,"{""mode"":""sign_in"",""flowId"":""fb_1782314861202_11758c"",""screen"":""auth/login"",""provider"":""facebook"",""target_url"":""https://vhfxnizaxdanmvmouuaf.supabase.co/auth/v1/authorize?provider=facebook&redirect_to=buffago%3A%2F%2Fauth%2Fcallback&scopes=public_profile%2Cemail"",""redirect_url"":""buffago://auth/callback"",""device_platform"":""android""}"
065b4843-f8ea-45d5-8f5d-434b81b6b8cb,2026-06-24 15:27:44.924034+00,d_f03c1a855c24c_1782314819659,null,facebook,facebook_link_failure,"{""mode"":""sign_in"",""error"":""Could not open URL 'fb://facewebmodal/f?href=https%3A%2F%2Fvhfxnizaxdanmvmouuaf.supabase.co%2Fauth%2Fv1%2Fauthorize%3Fprovider%3Dfacebook%26redirect_to%3Dbuffago%253A%252F%252Fauth%252Fcallback%26scopes%3Dpublic_profile%252Cemail': No Activity found to handle Intent { act=android.intent.action.VIEW dat=fb://facewebmodal/f?href=https://vhfxnizaxdanmvmouuaf.supabase.co/auth/v1/authorize?provider=facebook&redirect_to=buffago%3A%2F%2Fauth%2Fcallback&scopes=public_profile%2Cemail flg=0x10000000 }"",""phase"":""native_open"",""stack"":""com.facebook.react.bridge.JSApplicationIllegalArgumentException: Could not open URL 'fb://facewebmodal/f?href=https%3A%2F%2Fvhfxnizaxdanmvmouuaf.supabase.co%2Fauth%2Fv1%2Fauthorize%3Fprovider%3Dfacebook%26redirect_to%3Dbuffago%253A%252F%252Fauth%252Fcallback%26scopes%3Dpublic_profile%252Cemail': No Activity found to handle Intent { act=android.intent.action.VIEW dat=fb://facewebmodal/f?href=https://vhfxnizaxdanmvmouuaf.supabase.co/auth/v1/authorize?provider=facebook&redirect_to=buffago%3A%2F%2Fa"",""flowId"":""fb_1782314861202_11758c"",""screen"":""auth/login"",""provider"":""facebook"",""target_url"":""https://vhfxnizaxdanmvmouuaf.supabase.co/auth/v1/authorize?provider=facebook&redirect_to=buffago%3A%2F%2Fauth%2Fcallback&scopes=public_profile%2Cemail"",""redirect_url"":""buffago://auth/callback"",""device_platform"":""android""}"
89c0930f-6c63-4704-b7b6-ace153710fed,2026-06-24 15:27:44.805515+00,d_f03c1a855c24c_1782314819659,null,facebook,facebook_link_native_attempt,"{""mode"":""sign_in"",""flowId"":""fb_1782314861202_11758c"",""screen"":""auth/login"",""provider"":""facebook"",""native_url"":""fb://facewebmodal/f?href=https%3A%2F%2Fvhfxnizaxdanmvmouuaf.supabase.co%2Fauth%2Fv1%2Fauthorize%3Fprovider%3Dfacebook%26redirect_to%3Dbuffago%253A%252F%252Fauth%252Fcallback%26scopes%3Dpublic_profile%252Cemail"",""target_url"":""https://vhfxnizaxdanmvmouuaf.supabase.co/auth/v1/authorize?provider=facebook&redirect_to=buffago%3A%2F%2Fauth%2Fcallback&scopes=public_profile%2Cemail"",""redirect_url"":""buffago://auth/callback"",""device_platform"":""android""}"
2c72f3a4-ddd8-4e5a-9884-ff9fdda292b0,2026-06-24 15:27:44.559699+00,d_f03c1a855c24c_1782314819659,null,facebook,facebook_browser_session_opening,"{""mode"":""sign_in"",""flowId"":""fb_1782314861202_11758c"",""screen"":""auth/login"",""redirect"":{""host"":""auth"",""path"":""/callback"",""hasCode"":false,""hasError"":false,""protocol"":""buffago"",""queryKeys"":[],""hasProvider"":false,""fragmentKeys"":[],""hasIdentityId"":false,""hasAccessToken"":false,""hasRefreshToken"":false,""redirectToScheme"":null},""elapsedMs"":1271,""providerUrl"":{""host"":""vhfxnizaxdanmvmouuaf.supabase.co"",""path"":""/auth/v1/authorize"",""hasCode"":false,""hasError"":false,""protocol"":""https"",""queryKeys"":[""provider"",""redirect_to"",""scopes""],""hasProvider"":true,""fragmentKeys"":[],""hasIdentityId"":false,""hasAccessToken"":false,""hasRefreshToken"":false,""redirectToScheme"":""[invalid-url]""}}"
c8ab2292-1f4c-4a76-9793-32e67a06a790,2026-06-24 15:27:44.267175+00,d_f03c1a855c24c_1782314819659,null,facebook,facebook_oauth_request_succeeded,"{""mode"":""sign_in"",""flowId"":""fb_1782314861202_11758c"",""screen"":""auth/login"",""elapsedMs"":1006,""providerUrl"":{""host"":""vhfxnizaxdanmvmouuaf.supabase.co"",""path"":""/auth/v1/authorize"",""hasCode"":false,""hasError"":false,""protocol"":""https"",""queryKeys"":[""provider"",""redirect_to"",""scopes""],""hasProvider"":true,""fragmentKeys"":[],""hasIdentityId"":false,""hasAccessToken"":false,""hasRefreshToken"":false,""redirectToScheme"":""[invalid-url]""},""hasProviderUrl"":true}"
030939a1-a3b7-425f-98e8-9560a733b7d9,2026-06-24 15:27:44.040168+00,d_f03c1a855c24c_1782314819659,null,facebook,facebook_link_open_url,"{""mode"":""sign_in"",""flowId"":""fb_1782314861202_11758c"",""screen"":""auth/login"",""provider"":""facebook"",""target_url"":""https://vhfxnizaxdanmvmouuaf.supabase.co/auth/v1/authorize?provider=facebook&redirect_to=buffago%3A%2F%2Fauth%2Fcallback&scopes=public_profile%2Cemail"",""redirect_url"":""buffago://auth/callback"",""device_platform"":""android""}"
8767b626-c38b-4457-b60c-cece29cd26dc,2026-06-24 15:27:43.81212+00,d_f03c1a855c24c_1782314819659,null,facebook,facebook_oauth_request_started,"{""app"":{""build"":5,""platform"":""android"",""appVersion"":""1.0.3"",""packageName"":""com.buffago.app"",""appOwnership"":null,""executionEnvironment"":""bare""},""mode"":""sign_in"",""flowId"":""fb_1782314861202_11758c"",""screen"":""auth/login"",""redirect"":{""host"":""auth"",""path"":""/callback"",""hasCode"":false,""hasError"":false,""protocol"":""buffago"",""queryKeys"":[],""hasProvider"":false,""fragmentKeys"":[],""hasIdentityId"":false,""hasAccessToken"":false,""hasRefreshToken"":false,""redirectToScheme"":null},""elapsedMs"":625,""customTabs"":{""error"":null,""browserPackageCount"":1,""servicePackageCount"":1,""defaultBrowserPackage"":""com.android.chrome"",""preferredBrowserPackage"":""com.android.chrome""}}"
642f0d79-9410-4b14-9932-236dcadebf0f,2026-06-24 15:27:43.593749+00,d_f03c1a855c24c_1782314819659,null,facebook,facebook_button_tapped,"{""mode"":""sign_in"",""build"":5,""flowId"":""fb_1782314861202_11758c"",""screen"":""auth/login"",""platform"":""android"",""redirect"":{""host"":""auth"",""path"":""/callback"",""hasCode"":false,""hasError"":false,""protocol"":""buffago"",""queryKeys"":[],""hasProvider"":false,""fragmentKeys"":[],""hasIdentityId"":false,""hasAccessToken"":false,""hasRefreshToken"":false,""redirectToScheme"":null},""elapsedMs"":395,""appVersion"":""1.0.3"",""hasSession"":false,""packageName"":""com.buffago.app"",""appOwnership"":null,""executionEnvironment"":""bare""}"
960ca177-7bb8-4c15-bce3-3f951752f986,2026-06-24 15:27:43.365099+00,d_f03c1a855c24c_1782314819659,null,facebook,facebook_link_start,"{""mode"":""sign_in"",""flowId"":""fb_1782314861202_11758c"",""screen"":""auth/login"",""app_info"":{""build"":5,""platform"":""android"",""appVersion"":""1.0.3"",""packageName"":""com.buffago.app"",""appOwnership"":null,""executionEnvironment"":""bare""},""provider"":""facebook"",""target_url"":null,""redirect_url"":""buffago://auth/callback"",""device_platform"":""android""}"
0eefc11f-6c42-457f-b032-350043509f66,2026-06-24 15:27:39.106233+00,d_9dd134f7e56698_1782314846382,null,facebook,facebook_flow_finished,"{""mode"":""sign_in"",""config"":{""appScheme"":""buffago"",""redirectUrl"":{""host"":""auth"",""path"":""/callback"",""hasCode"":false,""hasError"":false,""protocol"":""buffago"",""queryKeys"":[],""hasProvider"":false,""fragmentKeys"":[],""hasIdentityId"":false,""hasAccessToken"":false,""hasRefreshToken"":false,""redirectToScheme"":null},""oauthSurface"":""chrome_custom_tabs"",""androidPackage"":""com.buffago.app"",""requiredAndroidIntent"":""buffago://auth/callback"",""requiredSupabaseProvider"":""Facebook provider enabled with App ID and App Secret"",""requiredFacebookOauthRedirect"":""https://vhfxnizaxdanmvmouuaf.supabase.co/auth/v1/callback"",""requiredSupabaseRedirectAllowListEntry"":""buffago://auth/callback""},""flowId"":""fb_1782314846226_c32a05"",""screen"":""auth/login"",""outcome"":""cancelled"",""elapsedMs"":10790,""browserResultType"":""dismiss""}"
0276adaa-7f17-45d5-bdae-9534e5f9447e,2026-06-24 15:27:38.953336+00,d_9dd134f7e56698_1782314846382,null,facebook,facebook_link_cancelled,"{""mode"":""sign_in"",""flowId"":""fb_1782314846226_c32a05"",""screen"":""auth/login"",""provider"":""facebook"",""target_url"":""https://vhfxnizaxdanmvmouuaf.supabase.co/auth/v1/authorize?provider=facebook&redirect_to=buffago%3A%2F%2Fauth%2Fcallback&scopes=public_profile%2Cemail"",""redirect_url"":""buffago://auth/callback"",""device_platform"":""android"",""observed_redirect"":false,""browser_result_type"":""dismiss""}"
2c556f1a-f42b-4f92-83a4-5ffb6c9e2de9,2026-06-24 15:27:36.981359+00,d_9dd134f7e56698_1782314846382,null,facebook,facebook_android_redirect_grace_started,"{""mode"":""sign_in"",""flowId"":""fb_1782314846226_c32a05"",""screen"":""auth/login"",""elapsedMs"":8640,""durationMs"":1800,""resultType"":""dismiss""}"
9bac8666-bc75-4f6e-afb4-5e8e70d7106f,2026-06-24 15:27:36.8291+00,d_9dd134f7e56698_1782314846382,null,facebook,facebook_browser_session_result,"{""mode"":""sign_in"",""type"":""dismiss"",""flowId"":""fb_1782314846226_c32a05"",""hasUrl"":false,""screen"":""auth/login"",""elapsedMs"":7692,""resultUrl"":null,""observedRedirect"":false}"
ef7d922f-722e-4979-9cb8-f92d9a10f405,2026-06-24 15:27:30.486568+00,d_9dd134f7e56698_1782314846382,null,facebook,facebook_link_browser_opened,"{""mode"":""sign_in"",""flowId"":""fb_1782314846226_c32a05"",""screen"":""auth/login"",""provider"":""facebook"",""target_url"":""https://vhfxnizaxdanmvmouuaf.supabase.co/auth/v1/authorize?provider=facebook&redirect_to=buffago%3A%2F%2Fauth%2Fcallback&scopes=public_profile%2Cemail"",""redirect_url"":""buffago://auth/callback"",""device_platform"":""android""}"
be571360-c635-4594-b6fc-d428ab3a5019,2026-06-24 15:27:30.169833+00,d_9dd134f7e56698_1782314846382,null,facebook,facebook_link_failure,"{""mode"":""sign_in"",""error"":""Could not open URL 'fb://facewebmodal/f?href=https%3A%2F%2Fvhfxnizaxdanmvmouuaf.supabase.co%2Fauth%2Fv1%2Fauthorize%3Fprovider%3Dfacebook%26redirect_to%3Dbuffago%253A%252F%252Fauth%252Fcallback%26scopes%3Dpublic_profile%252Cemail': No Activity found to handle Intent { act=android.intent.action.VIEW dat=fb://facewebmodal/f?href=https://vhfxnizaxdanmvmouuaf.supabase.co/auth/v1/authorize?provider=facebook&redirect_to=buffago%3A%2F%2Fauth%2Fcallback&scopes=public_profile%2Cemail flg=0x10000000 }"",""phase"":""native_open"",""stack"":""com.facebook.react.bridge.JSApplicationIllegalArgumentException: Could not open URL 'fb://facewebmodal/f?href=https%3A%2F%2Fvhfxnizaxdanmvmouuaf.supabase.co%2Fauth%2Fv1%2Fauthorize%3Fprovider%3Dfacebook%26redirect_to%3Dbuffago%253A%252F%252Fauth%252Fcallback%26scopes%3Dpublic_profile%252Cemail': No Activity found to handle Intent { act=android.intent.action.VIEW dat=fb://facewebmodal/f?href=https://vhfxnizaxdanmvmouuaf.supabase.co/auth/v1/authorize?provider=facebook&redirect_to=buffago%3A%2F%2Fa"",""flowId"":""fb_1782314846226_c32a05"",""screen"":""auth/login"",""provider"":""facebook"",""target_url"":""https://vhfxnizaxdanmvmouuaf.supabase.co/auth/v1/authorize?provider=facebook&redirect_to=buffago%3A%2F%2Fauth%2Fcallback&scopes=public_profile%2Cemail"",""redirect_url"":""buffago://auth/callback"",""device_platform"":""android""}"
2cd6f5c2-d619-4d52-8fab-3d8f923cb1d9,2026-06-24 15:27:29.680633+00,d_9dd134f7e56698_1782314846382,null,facebook,facebook_link_native_attempt,"{""mode"":""sign_in"",""flowId"":""fb_1782314846226_c32a05"",""screen"":""auth/login"",""provider"":""facebook"",""native_url"":""fb://facewebmodal/f?href=https%3A%2F%2Fvhfxnizaxdanmvmouuaf.supabase.co%2Fauth%2Fv1%2Fauthorize%3Fprovider%3Dfacebook%26redirect_to%3Dbuffago%253A%252F%252Fauth%252Fcallback%26scopes%3Dpublic_profile%252Cemail"",""target_url"":""https://vhfxnizaxdanmvmouuaf.supabase.co/auth/v1/authorize?provider=facebook&redirect_to=buffago%3A%2F%2Fauth%2Fcallback&scopes=public_profile%2Cemail"",""redirect_url"":""buffago://auth/callback"",""device_platform"":""android""}"
e42526ed-a0e7-4add-8d9f-e330a050a4ea,2026-06-24 15:27:29.480147+00,d_9dd134f7e56698_1782314846382,null,facebook,facebook_browser_session_opening,"{""mode"":""sign_in"",""flowId"":""fb_1782314846226_c32a05"",""screen"":""auth/login"",""redirect"":{""host"":""auth"",""path"":""/callback"",""hasCode"":false,""hasError"":false,""protocol"":""buffago"",""queryKeys"":[],""hasProvider"":false,""fragmentKeys"":[],""hasIdentityId"":false,""hasAccessToken"":false,""hasRefreshToken"":false,""redirectToScheme"":null},""elapsedMs"":1122,""providerUrl"":{""host"":""vhfxnizaxdanmvmouuaf.supabase.co"",""path"":""/auth/v1/authorize"",""hasCode"":false,""hasError"":false,""protocol"":""https"",""queryKeys"":[""provider"",""redirect_to"",""scopes""],""hasProvider"":true,""fragmentKeys"":[],""hasIdentityId"":false,""hasAccessToken"":false,""hasRefreshToken"":false,""redirectToScheme"":""[invalid-url]""}}"
1fbf979f-3748-4249-b8d1-816daa3c9930,2026-06-24 15:27:29.216725+00,d_9dd134f7e56698_1782314846382,null,facebook,facebook_oauth_request_succeeded,"{""mode"":""sign_in"",""flowId"":""fb_1782314846226_c32a05"",""screen"":""auth/login"",""elapsedMs"":856,""providerUrl"":{""host"":""vhfxnizaxdanmvmouuaf.supabase.co"",""path"":""/auth/v1/authorize"",""hasCode"":false,""hasError"":false,""protocol"":""https"",""queryKeys"":[""provider"",""redirect_to"",""scopes""],""hasProvider"":true,""fragmentKeys"":[],""hasIdentityId"":false,""hasAccessToken"":false,""hasRefreshToken"":false,""redirectToScheme"":""[invalid-url]""},""hasProviderUrl"":true}"
e16dc676-ecd7-4d62-827a-53d9a2d941ab,2026-06-24 15:27:28.947503+00,d_9dd134f7e56698_1782314846382,null,facebook,facebook_link_open_url,"{""mode"":""sign_in"",""flowId"":""fb_1782314846226_c32a05"",""screen"":""auth/login"",""provider"":""facebook"",""target_url"":""https://vhfxnizaxdanmvmouuaf.supabase.co/auth/v1/authorize?provider=facebook&redirect_to=buffago%3A%2F%2Fauth%2Fcallback&scopes=public_profile%2Cemail"",""redirect_url"":""buffago://auth/callback"",""device_platform"":""android""}"
30ee3bf3-3dae-40ae-ba41-4a70743de236,2026-06-24 15:27:28.824432+00,d_9dd134f7e56698_1782314846382,null,facebook,facebook_oauth_request_started,"{""app"":{""build"":5,""platform"":""android"",""appVersion"":""1.0.3"",""packageName"":""com.buffago.app"",""appOwnership"":null,""executionEnvironment"":""bare""},""mode"":""sign_in"",""flowId"":""fb_1782314846226_c32a05"",""screen"":""auth/login"",""redirect"":{""host"":""auth"",""path"":""/callback"",""hasCode"":false,""hasError"":false,""protocol"":""buffago"",""queryKeys"":[],""hasProvider"":false,""fragmentKeys"":[],""hasIdentityId"":false,""hasAccessToken"":false,""hasRefreshToken"":false,""redirectToScheme"":null},""elapsedMs"":504,""customTabs"":{""error"":null,""browserPackageCount"":1,""servicePackageCount"":1,""defaultBrowserPackage"":""com.android.chrome"",""preferredBrowserPackage"":""com.android.chrome""}}"
83230793-3147-497f-be5c-f634e96eb0e4,2026-06-24 15:27:28.648633+00,d_9dd134f7e56698_1782314846382,null,facebook,facebook_button_tapped,"{""mode"":""sign_in"",""build"":5,""flowId"":""fb_1782314846226_c32a05"",""screen"":""auth/login"",""platform"":""android"",""redirect"":{""host"":""auth"",""path"":""/callback"",""hasCode"":false,""hasError"":false,""protocol"":""buffago"",""queryKeys"":[],""hasProvider"":false,""fragmentKeys"":[],""hasIdentityId"":false,""hasAccessToken"":false,""hasRefreshToken"":false,""redirectToScheme"":null},""elapsedMs"":326,""appVersion"":""1.0.3"",""hasSession"":false,""packageName"":""com.buffago.app"",""appOwnership"":null,""executionEnvironment"":""bare""}"
5dd687dd-9b6c-4b26-8602-ff241aede828,2026-06-24 15:27:28.525144+00,d_9dd134f7e56698_1782314846382,null,facebook,facebook_link_start,"{""mode"":""sign_in"",""flowId"":""fb_1782314846226_c32a05"",""screen"":""auth/login"",""app_info"":{""build"":5,""platform"":""android"",""appVersion"":""1.0.3"",""packageName"":""com.buffago.app"",""appOwnership"":null,""executionEnvironment"":""bare""},""provider"":""facebook"",""target_url"":null,""redirect_url"":""buffago://auth/callback"",""device_platform"":""android""}"
4e729f5a-7889-4188-a0c9-1af116db3b73,2026-06-24 15:27:13.185292+00,d_f03c1a855c24c_1782314819659,null,facebook,facebook_flow_finished,"{""mode"":""sign_in"",""config"":{""appScheme"":""buffago"",""redirectUrl"":{""host"":""auth"",""path"":""/callback"",""hasCode"":false,""hasError"":false,""protocol"":""buffago"",""queryKeys"":[],""hasProvider"":false,""fragmentKeys"":[],""hasIdentityId"":false,""hasAccessToken"":false,""hasRefreshToken"":false,""redirectToScheme"":null},""oauthSurface"":""chrome_custom_tabs"",""androidPackage"":""com.buffago.app"",""requiredAndroidIntent"":""buffago://auth/callback"",""requiredSupabaseProvider"":""Facebook provider enabled with App ID and App Secret"",""requiredFacebookOauthRedirect"":""https://vhfxnizaxdanmvmouuaf.supabase.co/auth/v1/callback"",""requiredSupabaseRedirectAllowListEntry"":""buffago://auth/callback""},""flowId"":""fb_1782314819583_6a2063"",""screen"":""auth/login"",""outcome"":""cancelled"",""elapsedMs"":11609,""browserResultType"":""dismiss""}"
7a65ebfb-7257-4747-a7bc-5416301505a0,2026-06-24 15:27:13.065514+00,d_f03c1a855c24c_1782314819659,null,facebook,facebook_link_cancelled,"{""mode"":""sign_in"",""flowId"":""fb_1782314819583_6a2063"",""screen"":""auth/login"",""provider"":""facebook"",""target_url"":""https://vhfxnizaxdanmvmouuaf.supabase.co/auth/v1/authorize?provider=facebook&redirect_to=buffago%3A%2F%2Fauth%2Fcallback&scopes=public_profile%2Cemail"",""redirect_url"":""buffago://auth/callback"",""device_platform"":""android"",""observed_redirect"":false,""browser_result_type"":""dismiss""}"
92c69a6a-d753-48a7-9fbf-ecfae0d74624,2026-06-24 15:27:10.977399+00,d_f03c1a855c24c_1782314819659,null,facebook,facebook_android_redirect_grace_started,"{""mode"":""sign_in"",""flowId"":""fb_1782314819583_6a2063"",""screen"":""auth/login"",""elapsedMs"":9063,""durationMs"":1800,""resultType"":""dismiss""}"
0896af6b-9c41-4641-aa44-f2b4031839af,2026-06-24 15:27:10.497352+00,d_f03c1a855c24c_1782314819659,null,facebook,facebook_browser_session_result,"{""mode"":""sign_in"",""type"":""dismiss"",""flowId"":""fb_1782314819583_6a2063"",""hasUrl"":false,""screen"":""auth/login"",""elapsedMs"":8211,""resultUrl"":null,""observedRedirect"":false}"
945e1409-dcc4-4a96-b44e-39ca18a7ae2c,2026-06-24 15:27:04.445442+00,d_f03c1a855c24c_1782314819659,null,facebook,facebook_link_browser_opened,"{""mode"":""sign_in"",""flowId"":""fb_1782314819583_6a2063"",""screen"":""auth/login"",""provider"":""facebook"",""target_url"":""https://vhfxnizaxdanmvmouuaf.supabase.co/auth/v1/authorize?provider=facebook&redirect_to=buffago%3A%2F%2Fauth%2Fcallback&scopes=public_profile%2Cemail"",""redirect_url"":""buffago://auth/callback"",""device_platform"":""android""}"
466c524b-79e7-45c1-8f8a-abe2bed12e06,2026-06-24 15:27:03.710627+00,d_f03c1a855c24c_1782314819659,null,facebook,facebook_link_failure,"{""mode"":""sign_in"",""error"":""Could not open URL 'fb://facewebmodal/f?href=https%3A%2F%2Fvhfxnizaxdanmvmouuaf.supabase.co%2Fauth%2Fv1%2Fauthorize%3Fprovider%3Dfacebook%26redirect_to%3Dbuffago%253A%252F%252Fauth%252Fcallback%26scopes%3Dpublic_profile%252Cemail': No Activity found to handle Intent { act=android.intent.action.VIEW dat=fb://facewebmodal/f?href=https://vhfxnizaxdanmvmouuaf.supabase.co/auth/v1/authorize?provider=facebook&redirect_to=buffago%3A%2F%2Fauth%2Fcallback&scopes=public_profile%2Cemail flg=0x10000000 }"",""phase"":""native_open"",""stack"":""com.facebook.react.bridge.JSApplicationIllegalArgumentException: Could not open URL 'fb://facewebmodal/f?href=https%3A%2F%2Fvhfxnizaxdanmvmouuaf.supabase.co%2Fauth%2Fv1%2Fauthorize%3Fprovider%3Dfacebook%26redirect_to%3Dbuffago%253A%252F%252Fauth%252Fcallback%26scopes%3Dpublic_profile%252Cemail': No Activity found to handle Intent { act=android.intent.action.VIEW dat=fb://facewebmodal/f?href=https://vhfxnizaxdanmvmouuaf.supabase.co/auth/v1/authorize?provider=facebook&redirect_to=buffago%3A%2F%2Fa"",""flowId"":""fb_1782314819583_6a2063"",""screen"":""auth/login"",""provider"":""facebook"",""target_url"":""https://vhfxnizaxdanmvmouuaf.supabase.co/auth/v1/authorize?provider=facebook&redirect_to=buffago%3A%2F%2Fauth%2Fcallback&scopes=public_profile%2Cemail"",""redirect_url"":""buffago://auth/callback"",""device_platform"":""android""}"
eeeb6dd3-b692-4967-a308-02e61c97ee82,2026-06-24 15:27:03.446786+00,d_f03c1a855c24c_1782314819659,null,facebook,facebook_link_native_attempt,"{""mode"":""sign_in"",""flowId"":""fb_1782314819583_6a2063"",""screen"":""auth/login"",""provider"":""facebook"",""native_url"":""fb://facewebmodal/f?href=https%3A%2F%2Fvhfxnizaxdanmvmouuaf.supabase.co%2Fauth%2Fv1%2Fauthorize%3Fprovider%3Dfacebook%26redirect_to%3Dbuffago%253A%252F%252Fauth%252Fcallback%26scopes%3Dpublic_profile%252Cemail"",""target_url"":""https://vhfxnizaxdanmvmouuaf.supabase.co/auth/v1/authorize?provider=facebook&redirect_to=buffago%3A%2F%2Fauth%2Fcallback&scopes=public_profile%2Cemail"",""redirect_url"":""buffago://auth/callback"",""device_platform"":""android""}"
931184ed-eae6-4759-81aa-fd94888b1bb0,2026-06-24 15:27:03.12975+00,d_f03c1a855c24c_1782314819659,null,facebook,facebook_browser_session_opening,"{""mode"":""sign_in"",""flowId"":""fb_1782314819583_6a2063"",""screen"":""auth/login"",""redirect"":{""host"":""auth"",""path"":""/callback"",""hasCode"":false,""hasError"":false,""protocol"":""buffago"",""queryKeys"":[],""hasProvider"":false,""fragmentKeys"":[],""hasIdentityId"":false,""hasAccessToken"":false,""hasRefreshToken"":false,""redirectToScheme"":null},""elapsedMs"":1526,""providerUrl"":{""host"":""vhfxnizaxdanmvmouuaf.supabase.co"",""path"":""/auth/v1/authorize"",""hasCode"":false,""hasError"":false,""protocol"":""https"",""queryKeys"":[""provider"",""redirect_to"",""scopes""],""hasProvider"":true,""fragmentKeys"":[],""hasIdentityId"":false,""hasAccessToken"":false,""hasRefreshToken"":false,""redirectToScheme"":""[invalid-url]""}}"
415de6c6-edc5-4810-b1d5-e36307298f25,2026-06-24 15:27:02.914067+00,d_f03c1a855c24c_1782314819659,null,facebook,facebook_oauth_request_succeeded,"{""mode"":""sign_in"",""flowId"":""fb_1782314819583_6a2063"",""screen"":""auth/login"",""elapsedMs"":1293,""providerUrl"":{""host"":""vhfxnizaxdanmvmouuaf.supabase.co"",""path"":""/auth/v1/authorize"",""hasCode"":false,""hasError"":false,""protocol"":""https"",""queryKeys"":[""provider"",""redirect_to"",""scopes""],""hasProvider"":true,""fragmentKeys"":[],""hasIdentityId"":false,""hasAccessToken"":false,""hasRefreshToken"":false,""redirectToScheme"":""[invalid-url]""},""hasProviderUrl"":true}"
8e9dab68-8e19-48ba-9ac0-0242cb2c1b80,2026-06-24 15:27:02.600584+00,d_f03c1a855c24c_1782314819659,null,facebook,facebook_link_open_url,"{""mode"":""sign_in"",""flowId"":""fb_1782314819583_6a2063"",""screen"":""auth/login"",""provider"":""facebook"",""target_url"":""https://vhfxnizaxdanmvmouuaf.supabase.co/auth/v1/authorize?provider=facebook&redirect_to=buffago%3A%2F%2Fauth%2Fcallback&scopes=public_profile%2Cemail"",""redirect_url"":""buffago://auth/callback"",""device_platform"":""android""}"
e00f1844-01b4-4585-8a8a-fce32ff6572a,2026-06-24 15:27:02.375996+00,d_f03c1a855c24c_1782314819659,null,facebook,facebook_oauth_request_started,"{""app"":{""build"":5,""platform"":""android"",""appVersion"":""1.0.3"",""packageName"":""com.buffago.app"",""appOwnership"":null,""executionEnvironment"":""bare""},""mode"":""sign_in"",""flowId"":""fb_1782314819583_6a2063"",""screen"":""auth/login"",""redirect"":{""host"":""auth"",""path"":""/callback"",""hasCode"":false,""hasError"":false,""protocol"":""buffago"",""queryKeys"":[],""hasProvider"":false,""fragmentKeys"":[],""hasIdentityId"":false,""hasAccessToken"":false,""hasRefreshToken"":false,""redirectToScheme"":null},""elapsedMs"":775,""customTabs"":{""error"":null,""browserPackageCount"":1,""servicePackageCount"":1,""defaultBrowserPackage"":""com.android.chrome"",""preferredBrowserPackage"":""com.android.chrome""}}"
4e9c2ed5-b379-44ac-ad0c-1b5ae54e6ae7,2026-06-24 15:27:02.1846+00,d_f03c1a855c24c_1782314819659,null,facebook,facebook_button_tapped,"{""mode"":""sign_in"",""build"":5,""flowId"":""fb_1782314819583_6a2063"",""screen"":""auth/login"",""platform"":""android"",""redirect"":{""host"":""auth"",""path"":""/callback"",""hasCode"":false,""hasError"":false,""protocol"":""buffago"",""queryKeys"":[],""hasProvider"":false,""fragmentKeys"":[],""hasIdentityId"":false,""hasAccessToken"":false,""hasRefreshToken"":false,""redirectToScheme"":null},""elapsedMs"":572,""appVersion"":""1.0.3"",""hasSession"":false,""packageName"":""com.buffago.app"",""appOwnership"":null,""executionEnvironment"":""bare""}"
184266af-2a58-4356-9a13-d898a48ae4b0,2026-06-24 15:27:01.991728+00,d_f03c1a855c24c_1782314819659,null,facebook,facebook_link_start,"{""mode"":""sign_in"",""flowId"":""fb_1782314819583_6a2063"",""screen"":""auth/login"",""app_info"":{""build"":5,""platform"":""android"",""appVersion"":""1.0.3"",""packageName"":""com.buffago.app"",""appOwnership"":null,""executionEnvironment"":""bare""},""provider"":""facebook"",""target_url"":null,""redirect_url"":""buffago://auth/callback"",""device_platform"":""android""}"
6f5fc1c0-7e98-47e8-90f1-e8d9654865fa,2026-06-24 13:23:11.015808+00,d_eb04f65dbc80d8_1774135538176,186df23b-6cbd-40b1-a921-430921a73e9c,privacy,social_opt_out_setting_viewed,"{""value"":false,""source_screen"":""settings"",""canAppearSocially"":true}"
eb2bca80-37b9-47e8-ad62-fc579657b543,2026-06-24 13:23:10.218301+00,d_eb04f65dbc80d8_1774135538176,186df23b-6cbd-40b1-a921-430921a73e9c,facebook,facebook_final_ui_state,"{""source"":""users"",""identityConnected"":false,""persistedConnected"":false}"
86dcb079-f07c-4aec-ba6b-b2a7eccfffed,2026-06-24 13:23:10.192978+00,d_eb04f65dbc80d8_1774135538176,186df23b-6cbd-40b1-a921-430921a73e9c,facebook,facebook_final_ui_state,"{""source"":""users"",""identityConnected"":false,""persistedConnected"":false}"
3ac5c7c3-a0dc-4f38-8f1f-e9b73400edd0,2026-06-24 03:33:10.8223+00,d_eb04f65dbc80d8_1774135538176,186df23b-6cbd-40b1-a921-430921a73e9c,facebook,facebook_browser_session_opening,"{""mode"":""link_identity"",""flowId"":""fb_1782271989474_d57ef0"",""screen"":""settings"",""redirect"":{""host"":""auth"",""path"":""/callback"",""hasCode"":false,""hasError"":false,""protocol"":""buffago"",""queryKeys"":[],""hasProvider"":false,""fragmentKeys"":[],""hasIdentityId"":false,""hasAccessToken"":false,""hasRefreshToken"":false,""redirectToScheme"":null},""elapsedMs"":1011,""providerUrl"":{""host"":""www.facebook.com"",""path"":""/dialog/oauth"",""hasCode"":false,""hasError"":false,""protocol"":""https"",""queryKeys"":[""client_id"",""redirect_to"",""redirect_uri"",""response_type"",""scope"",""skip_http_redirect""],""hasProvider"":false,""fragmentKeys"":[],""hasIdentityId"":false,""hasAccessToken"":false,""hasRefreshToken"":false,""redirectToScheme"":""[invalid-url]""}}"
d70f3733-5c24-4fe1-adf9-d002e69db091,2026-06-24 03:33:10.544791+00,d_eb04f65dbc80d8_1774135538176,186df23b-6cbd-40b1-a921-430921a73e9c,facebook,facebook_oauth_request_succeeded,"{""mode"":""link_identity"",""flowId"":""fb_1782271989474_d57ef0"",""screen"":""settings"",""elapsedMs"":818,""providerUrl"":{""host"":""www.facebook.com"",""path"":""/dialog/oauth"",""hasCode"":false,""hasError"":false,""protocol"":""https"",""queryKeys"":[""client_id"",""redirect_to"",""redirect_uri"",""response_type"",""scope"",""skip_http_redirect""],""hasProvider"":false,""fragmentKeys"":[],""hasIdentityId"":false,""hasAccessToken"":false,""hasRefreshToken"":false,""redirectToScheme"":""[invalid-url]""},""hasProviderUrl"":true}"
11db45da-5fd3-4085-87db-bceda9f1e008,2026-06-24 03:33:10.240647+00,d_eb04f65dbc80d8_1774135538176,186df23b-6cbd-40b1-a921-430921a73e9c,facebook,facebook_oauth_request_started,"{""app"":{""build"":5,""platform"":""android"",""appVersion"":""1.0.3"",""packageName"":""com.buffago.app"",""appOwnership"":null,""executionEnvironment"":""bare""},""mode"":""link_identity"",""flowId"":""fb_1782271989474_d57ef0"",""screen"":""settings"",""redirect"":{""host"":""auth"",""path"":""/callback"",""hasCode"":false,""hasError"":false,""protocol"":""buffago"",""queryKeys"":[],""hasProvider"":false,""fragmentKeys"":[],""hasIdentityId"":false,""hasAccessToken"":false,""hasRefreshToken"":false,""redirectToScheme"":null},""elapsedMs"":452,""customTabs"":{""error"":null,""browserPackageCount"":1,""servicePackageCount"":2,""defaultBrowserPackage"":""com.android.chrome"",""preferredBrowserPackage"":""com.android.chrome""}}"
72bcc560-358a-49dd-86f3-60ad65fbe16d,2026-06-24 03:33:09.995993+00,d_eb04f65dbc80d8_1774135538176,186df23b-6cbd-40b1-a921-430921a73e9c,facebook,facebook_button_tapped,"{""mode"":""link_identity"",""build"":5,""flowId"":""fb_1782271989474_d57ef0"",""screen"":""settings"",""platform"":""android"",""redirect"":{""host"":""auth"",""path"":""/callback"",""hasCode"":false,""hasError"":false,""protocol"":""buffago"",""queryKeys"":[],""hasProvider"":false,""fragmentKeys"":[],""hasIdentityId"":false,""hasAccessToken"":false,""hasRefreshToken"":false,""redirectToScheme"":null},""elapsedMs"":3,""appVersion"":""1.0.3"",""hasSession"":true,""packageName"":""com.buffago.app"",""appOwnership"":null,""executionEnvironment"":""bare""}"
bcfc1279-1483-4992-8830-da2be7022d35,2026-06-24 03:33:08.145611+00,d_eb04f65dbc80d8_1774135538176,186df23b-6cbd-40b1-a921-430921a73e9c,facebook,facebook_flow_finished,"{""mode"":""link_identity"",""config"":{""appScheme"":""buffago"",""redirectUrl"":{""host"":""auth"",""path"":""/callback"",""hasCode"":false,""hasError"":false,""protocol"":""buffago"",""queryKeys"":[],""hasProvider"":false,""fragmentKeys"":[],""hasIdentityId"":false,""hasAccessToken"":false,""hasRefreshToken"":false,""redirectToScheme"":null},""oauthSurface"":""chrome_custom_tabs"",""androidPackage"":""com.buffago.app"",""requiredAndroidIntent"":""buffago://auth/callback"",""requiredSupabaseProvider"":""Facebook provider enabled with App ID and App Secret"",""requiredFacebookOauthRedirect"":""https://vhfxnizaxdanmvmouuaf.supabase.co/auth/v1/callback"",""requiredSupabaseRedirectAllowListEntry"":""buffago://auth/callback""},""flowId"":""fb_1782271978932_52e6ee"",""screen"":""settings"",""outcome"":""cancelled"",""elapsedMs"":8888,""browserResultType"":""dismiss""}"
da894f29-452b-4bca-be96-620b67d89271,2026-06-24 03:33:06.093897+00,d_eb04f65dbc80d8_1774135538176,186df23b-6cbd-40b1-a921-430921a73e9c,facebook,facebook_android_redirect_grace_started,"{""mode"":""link_identity"",""flowId"":""fb_1782271978932_52e6ee"",""screen"":""settings"",""elapsedMs"":6885,""durationMs"":1800,""resultType"":""dismiss""}"
4448c87f-e0fc-4257-b784-34601634165a,2026-06-24 03:33:05.90012+00,d_eb04f65dbc80d8_1774135538176,186df23b-6cbd-40b1-a921-430921a73e9c,facebook,facebook_browser_session_result,"{""mode"":""link_identity"",""type"":""dismiss"",""flowId"":""fb_1782271978932_52e6ee"",""hasUrl"":false,""screen"":""settings"",""elapsedMs"":6587,""resultUrl"":null,""observedRedirect"":false}"
2939634a-a22a-4d9b-aa39-c5403443085d,2026-06-24 03:33:00.231904+00,d_eb04f65dbc80d8_1774135538176,186df23b-6cbd-40b1-a921-430921a73e9c,facebook,facebook_browser_session_opening,"{""mode"":""link_identity"",""flowId"":""fb_1782271978932_52e6ee"",""screen"":""settings"",""redirect"":{""host"":""auth"",""path"":""/callback"",""hasCode"":false,""hasError"":false,""protocol"":""buffago"",""queryKeys"":[],""hasProvider"":false,""fragmentKeys"":[],""hasIdentityId"":false,""hasAccessToken"":false,""hasRefreshToken"":false,""redirectToScheme"":null},""elapsedMs"":985,""providerUrl"":{""host"":""www.facebook.com"",""path"":""/dialog/oauth"",""hasCode"":false,""hasError"":false,""protocol"":""https"",""queryKeys"":[""client_id"",""redirect_to"",""redirect_uri"",""response_type"",""scope"",""skip_http_redirect""],""hasProvider"":false,""fragmentKeys"":[],""hasIdentityId"":false,""hasAccessToken"":false,""hasRefreshToken"":false,""redirectToScheme"":""[invalid-url]""}}"
ba2c1da4-d615-4e81-afe2-b1ca3b2655ee,2026-06-24 03:32:59.976083+00,d_eb04f65dbc80d8_1774135538176,186df23b-6cbd-40b1-a921-430921a73e9c,facebook,facebook_oauth_request_succeeded,"{""mode"":""link_identity"",""flowId"":""fb_1782271978932_52e6ee"",""screen"":""settings"",""elapsedMs"":759,""providerUrl"":{""host"":""www.facebook.com"",""path"":""/dialog/oauth"",""hasCode"":false,""hasError"":false,""protocol"":""https"",""queryKeys"":[""client_id"",""redirect_to"",""redirect_uri"",""response_type"",""scope"",""skip_http_redirect""],""hasProvider"":false,""fragmentKeys"":[],""hasIdentityId"":false,""hasAccessToken"":false,""hasRefreshToken"":false,""redirectToScheme"":""[invalid-url]""},""hasProviderUrl"":true}"
31554b93-8a00-4aeb-b1be-f8eef3363218,2026-06-24 03:32:59.596755+00,d_eb04f65dbc80d8_1774135538176,186df23b-6cbd-40b1-a921-430921a73e9c,facebook,facebook_oauth_request_started,"{""app"":{""build"":5,""platform"":""android"",""appVersion"":""1.0.3"",""packageName"":""com.buffago.app"",""appOwnership"":null,""executionEnvironment"":""bare""},""mode"":""link_identity"",""flowId"":""fb_1782271978932_52e6ee"",""screen"":""settings"",""redirect"":{""host"":""auth"",""path"":""/callback"",""hasCode"":false,""hasError"":false,""protocol"":""buffago"",""queryKeys"":[],""hasProvider"":false,""fragmentKeys"":[],""hasIdentityId"":false,""hasAccessToken"":false,""hasRefreshToken"":false,""redirectToScheme"":null},""elapsedMs"":332,""customTabs"":{""error"":null,""browserPackageCount"":1,""servicePackageCount"":2,""defaultBrowserPackage"":""com.android.chrome"",""preferredBrowserPackage"":""com.android.chrome""}}"
3359f666-5a72-46db-9775-26e92f070db6,2026-06-24 03:32:59.316495+00,d_eb04f65dbc80d8_1774135538176,186df23b-6cbd-40b1-a921-430921a73e9c,facebook,facebook_button_tapped,"{""mode"":""link_identity"",""build"":5,""flowId"":""fb_1782271978932_52e6ee"",""screen"":""settings"",""platform"":""android"",""redirect"":{""host"":""auth"",""path"":""/callback"",""hasCode"":false,""hasError"":false,""protocol"":""buffago"",""queryKeys"":[],""hasProvider"":false,""fragmentKeys"":[],""hasIdentityId"":false,""hasAccessToken"":false,""hasRefreshToken"":false,""redirectToScheme"":null},""elapsedMs"":6,""appVersion"":""1.0.3"",""hasSession"":true,""packageName"":""com.buffago.app"",""appOwnership"":null,""executionEnvironment"":""bare""}"
7dd545aa-4f66-4273-9c28-209663370b11,2026-06-24 03:32:57.810559+00,d_eb04f65dbc80d8_1774135538176,186df23b-6cbd-40b1-a921-430921a73e9c,privacy,social_opt_out_setting_viewed,"{""value"":false,""source_screen"":""settings"",""canAppearSocially"":true}"
ccba04e8-440b-41c2-8f4d-032d87ce1677,2026-06-24 03:32:56.878934+00,d_eb04f65dbc80d8_1774135538176,186df23b-6cbd-40b1-a921-430921a73e9c,facebook,facebook_final_ui_state,"{""source"":""users"",""identityConnected"":false,""persistedConnected"":false}"
9dc001b8-1f72-4a5c-80d0-da3f7685cb63,2026-06-24 03:32:56.83964+00,d_eb04f65dbc80d8_1774135538176,186df23b-6cbd-40b1-a921-430921a73e9c,facebook,facebook_final_ui_state,"{""source"":""users"",""identityConnected"":false,""persistedConnected"":false}"
5d17def9-0de2-4691-bce8-9b22d812996a,2026-06-24 00:36:14.755868+00,d_e417eaa5dd7d08_1782261324199,null,facebook,facebook_flow_finished,"{""mode"":""sign_in"",""config"":{""appScheme"":""buffago"",""redirectUrl"":{""host"":""auth"",""path"":""/callback"",""hasCode"":false,""hasError"":false,""protocol"":""buffago"",""queryKeys"":[],""hasProvider"":false,""fragmentKeys"":[],""hasIdentityId"":false,""hasAccessToken"":false,""hasRefreshToken"":false,""redirectToScheme"":null},""oauthSurface"":""chrome_custom_tabs"",""androidPackage"":""com.buffago.app"",""requiredAndroidIntent"":""buffago://auth/callback"",""requiredSupabaseProvider"":""Facebook provider enabled with App ID and App Secret"",""requiredFacebookOauthRedirect"":""https://vhfxnizaxdanmvmouuaf.supabase.co/auth/v1/callback"",""requiredSupabaseRedirectAllowListEntry"":""buffago://auth/callback""},""flowId"":""fb_1782261367357_48b5c4"",""screen"":""auth/login"",""outcome"":""cancelled"",""elapsedMs"":5226,""browserResultType"":""dismiss""}"
bd74b36a-3be2-4574-84f2-2c4b927d3742,2026-06-24 00:36:12.779313+00,d_e417eaa5dd7d08_1782261324199,null,facebook,facebook_android_redirect_grace_started,"{""mode"":""sign_in"",""flowId"":""fb_1782261367357_48b5c4"",""screen"":""auth/login"",""elapsedMs"":2895,""durationMs"":1800,""resultType"":""dismiss""}"
5da229af-4220-48b1-8d9e-ee6830aa2a0e,2026-06-24 00:36:12.26655+00,d_e417eaa5dd7d08_1782261324199,null,facebook,facebook_browser_session_result,"{""mode"":""sign_in"",""type"":""dismiss"",""flowId"":""fb_1782261367357_48b5c4"",""hasUrl"":false,""screen"":""auth/login"",""elapsedMs"":2614,""resultUrl"":null,""observedRedirect"":false}"
aa187415-7629-485c-b297-328eb919c111,2026-06-24 00:36:10.359475+00,d_e417eaa5dd7d08_1782261324199,null,facebook,facebook_browser_session_opening,"{""mode"":""sign_in"",""flowId"":""fb_1782261367357_48b5c4"",""screen"":""auth/login"",""redirect"":{""host"":""auth"",""path"":""/callback"",""hasCode"":false,""hasError"":false,""protocol"":""buffago"",""queryKeys"":[],""hasProvider"":false,""fragmentKeys"":[],""hasIdentityId"":false,""hasAccessToken"":false,""hasRefreshToken"":false,""redirectToScheme"":null},""elapsedMs"":663,""providerUrl"":{""host"":""vhfxnizaxdanmvmouuaf.supabase.co"",""path"":""/auth/v1/authorize"",""hasCode"":false,""hasError"":false,""protocol"":""https"",""queryKeys"":[""provider"",""redirect_to"",""scopes""],""hasProvider"":true,""fragmentKeys"":[],""hasIdentityId"":false,""hasAccessToken"":false,""hasRefreshToken"":false,""redirectToScheme"":""[invalid-url]""}}"
8229abe3-f262-4e2c-8431-cd3cfd964e16,2026-06-24 00:36:10.026982+00,d_e417eaa5dd7d08_1782261324199,null,facebook,facebook_oauth_request_succeeded,"{""mode"":""sign_in"",""flowId"":""fb_1782261367357_48b5c4"",""screen"":""auth/login"",""elapsedMs"":537,""providerUrl"":{""host"":""vhfxnizaxdanmvmouuaf.supabase.co"",""path"":""/auth/v1/authorize"",""hasCode"":false,""hasError"":false,""protocol"":""https"",""queryKeys"":[""provider"",""redirect_to"",""scopes""],""hasProvider"":true,""fragmentKeys"":[],""hasIdentityId"":false,""hasAccessToken"":false,""hasRefreshToken"":false,""redirectToScheme"":""[invalid-url]""},""hasProviderUrl"":true}"
cdc3ba9b-8a37-4f6b-82a1-dfa876f5996e,2026-06-24 00:36:09.912892+00,d_e417eaa5dd7d08_1782261324199,null,facebook,facebook_oauth_request_started,"{""app"":{""build"":5,""platform"":""android"",""appVersion"":""1.0.3"",""packageName"":""com.buffago.app"",""appOwnership"":null,""executionEnvironment"":""bare""},""mode"":""sign_in"",""flowId"":""fb_1782261367357_48b5c4"",""screen"":""auth/login"",""redirect"":{""host"":""auth"",""path"":""/callback"",""hasCode"":false,""hasError"":false,""protocol"":""buffago"",""queryKeys"":[],""hasProvider"":false,""fragmentKeys"":[],""hasIdentityId"":false,""hasAccessToken"":false,""hasRefreshToken"":false,""redirectToScheme"":null},""elapsedMs"":388,""customTabs"":{""error"":null,""browserPackageCount"":1,""servicePackageCount"":1,""defaultBrowserPackage"":""com.android.chrome"",""preferredBrowserPackage"":""com.android.chrome""}}"
968dcc9c-5b94-4bb6-b5b9-e678a0e7bcf8,2026-06-24 00:36:09.668118+00,d_e417eaa5dd7d08_1782261324199,null,facebook,facebook_button_tapped,"{""mode"":""sign_in"",""build"":5,""flowId"":""fb_1782261367357_48b5c4"",""screen"":""auth/login"",""platform"":""android"",""redirect"":{""host"":""auth"",""path"":""/callback"",""hasCode"":false,""hasError"":false,""protocol"":""buffago"",""queryKeys"":[],""hasProvider"":false,""fragmentKeys"":[],""hasIdentityId"":false,""hasAccessToken"":false,""hasRefreshToken"":false,""redirectToScheme"":null},""elapsedMs"":84,""appVersion"":""1.0.3"",""hasSession"":false,""packageName"":""com.buffago.app"",""appOwnership"":null,""executionEnvironment"":""bare""}"
16212ff0-2b46-4df5-965c-281d7db306c4,2026-06-24 00:35:38.731123+00,d_e417eaa5dd7d08_1782261324199,null,facebook,facebook_flow_finished,"{""mode"":""sign_in"",""config"":{""appScheme"":""buffago"",""redirectUrl"":{""host"":""auth"",""path"":""/callback"",""hasCode"":false,""hasError"":false,""protocol"":""buffago"",""queryKeys"":[],""hasProvider"":false,""fragmentKeys"":[],""hasIdentityId"":false,""hasAccessToken"":false,""hasRefreshToken"":false,""redirectToScheme"":null},""oauthSurface"":""chrome_custom_tabs"",""androidPackage"":""com.buffago.app"",""requiredAndroidIntent"":""buffago://auth/callback"",""requiredSupabaseProvider"":""Facebook provider enabled with App ID and App Secret"",""requiredFacebookOauthRedirect"":""https://vhfxnizaxdanmvmouuaf.supabase.co/auth/v1/callback"",""requiredSupabaseRedirectAllowListEntry"":""buffago://auth/callback""},""flowId"":""fb_1782261324106_26cba7"",""screen"":""auth/login"",""outcome"":""cancelled"",""elapsedMs"":12428,""browserResultType"":""dismiss""}"
677901ff-35b2-424f-8590-1be84da3c474,2026-06-24 00:35:36.659905+00,d_e417eaa5dd7d08_1782261324199,null,facebook,facebook_android_redirect_grace_started,"{""mode"":""sign_in"",""flowId"":""fb_1782261324106_26cba7"",""screen"":""auth/login"",""elapsedMs"":10357,""durationMs"":1800,""resultType"":""dismiss""}"
6db9fbf4-cc89-4bac-b81c-7a16e04a4401,2026-06-24 00:35:36.477776+00,d_e417eaa5dd7d08_1782261324199,null,facebook,facebook_browser_session_result,"{""mode"":""sign_in"",""type"":""dismiss"",""flowId"":""fb_1782261324106_26cba7"",""hasUrl"":false,""screen"":""auth/login"",""elapsedMs"":8689,""resultUrl"":null,""observedRedirect"":false}"
6e9b422a-d074-4d75-9592-8cc4d856c794,2026-06-24 00:35:34.468797+00,d_3e29f1d66de5de_1782261283601,null,facebook,facebook_flow_finished,"{""mode"":""sign_in"",""config"":{""appScheme"":""buffago"",""redirectUrl"":{""host"":""auth"",""path"":""/callback"",""hasCode"":false,""hasError"":false,""protocol"":""buffago"",""queryKeys"":[],""hasProvider"":false,""fragmentKeys"":[],""hasIdentityId"":false,""hasAccessToken"":false,""hasRefreshToken"":false,""redirectToScheme"":null},""oauthSurface"":""chrome_custom_tabs"",""androidPackage"":""com.buffago.app"",""requiredAndroidIntent"":""buffago://auth/callback"",""requiredSupabaseProvider"":""Facebook provider enabled with App ID and App Secret"",""requiredFacebookOauthRedirect"":""https://vhfxnizaxdanmvmouuaf.supabase.co/auth/v1/callback"",""requiredSupabaseRedirectAllowListEntry"":""buffago://auth/callback""},""flowId"":""fb_1782261326067_218fd6"",""screen"":""auth/login"",""outcome"":""cancelled"",""elapsedMs"":6079,""browserResultType"":""dismiss""}"
a9b59a64-bdf1-4b60-b885-e587991f78ff,2026-06-24 00:35:32.471237+00,d_3e29f1d66de5de_1782261283601,null,facebook,facebook_android_redirect_grace_started,"{""mode"":""sign_in"",""flowId"":""fb_1782261326067_218fd6"",""screen"":""auth/login"",""elapsedMs"":3974,""durationMs"":1800,""resultType"":""dismiss""}"
f77dc44d-12dd-4bea-b42a-90ca5b5e62c5,2026-06-24 00:35:32.180625+00,d_3e29f1d66de5de_1782261283601,null,facebook,facebook_browser_session_result,"{""mode"":""sign_in"",""type"":""dismiss"",""flowId"":""fb_1782261326067_218fd6"",""hasUrl"":false,""screen"":""auth/login"",""elapsedMs"":3376,""resultUrl"":null,""observedRedirect"":false}"
5d9b2208-fed8-43f6-90b4-e67c7eb68949,2026-06-24 00:35:29.704434+00,d_3e29f1d66de5de_1782261283601,null,facebook,facebook_browser_session_opening,"{""mode"":""sign_in"",""flowId"":""fb_1782261326067_218fd6"",""screen"":""auth/login"",""redirect"":{""host"":""auth"",""path"":""/callback"",""hasCode"":false,""hasError"":false,""protocol"":""buffago"",""queryKeys"":[],""hasProvider"":false,""fragmentKeys"":[],""hasIdentityId"":false,""hasAccessToken"":false,""hasRefreshToken"":false,""redirectToScheme"":null},""elapsedMs"":1211,""providerUrl"":{""host"":""vhfxnizaxdanmvmouuaf.supabase.co"",""path"":""/auth/v1/authorize"",""hasCode"":false,""hasError"":false,""protocol"":""https"",""queryKeys"":[""provider"",""redirect_to"",""scopes""],""hasProvider"":true,""fragmentKeys"":[],""hasIdentityId"":false,""hasAccessToken"":false,""hasRefreshToken"":false,""redirectToScheme"":""[invalid-url]""}}"
592b8269-1b64-433c-96e4-b0a3b754deaf,2026-06-24 00:35:29.172407+00,d_3e29f1d66de5de_1782261283601,null,facebook,facebook_oauth_request_succeeded,"{""mode"":""sign_in"",""flowId"":""fb_1782261326067_218fd6"",""screen"":""auth/login"",""elapsedMs"":585,""providerUrl"":{""host"":""vhfxnizaxdanmvmouuaf.supabase.co"",""path"":""/auth/v1/authorize"",""hasCode"":false,""hasError"":false,""protocol"":""https"",""queryKeys"":[""provider"",""redirect_to"",""scopes""],""hasProvider"":true,""fragmentKeys"":[],""hasIdentityId"":false,""hasAccessToken"":false,""hasRefreshToken"":false,""redirectToScheme"":""[invalid-url]""},""hasProviderUrl"":true}"
145045a4-ab42-4887-a201-ca494316b965,2026-06-24 00:35:28.779006+00,d_3e29f1d66de5de_1782261283601,null,facebook,facebook_oauth_request_started,"{""app"":{""build"":5,""platform"":""android"",""appVersion"":""1.0.3"",""packageName"":""com.buffago.app"",""appOwnership"":null,""executionEnvironment"":""bare""},""mode"":""sign_in"",""flowId"":""fb_1782261326067_218fd6"",""screen"":""auth/login"",""redirect"":{""host"":""auth"",""path"":""/callback"",""hasCode"":false,""hasError"":false,""protocol"":""buffago"",""queryKeys"":[],""hasProvider"":false,""fragmentKeys"":[],""hasIdentityId"":false,""hasAccessToken"":false,""hasRefreshToken"":false,""redirectToScheme"":null},""elapsedMs"":426,""customTabs"":{""error"":null,""browserPackageCount"":1,""servicePackageCount"":1,""defaultBrowserPackage"":""com.android.chrome"",""preferredBrowserPackage"":""com.android.chrome""}}"
7ba854e2-989a-4866-8eeb-7b3610de0e82,2026-06-24 00:35:28.553761+00,d_3e29f1d66de5de_1782261283601,null,facebook,facebook_button_tapped,"{""mode"":""sign_in"",""build"":5,""flowId"":""fb_1782261326067_218fd6"",""screen"":""auth/login"",""platform"":""android"",""redirect"":{""host"":""auth"",""path"":""/callback"",""hasCode"":false,""hasError"":false,""protocol"":""buffago"",""queryKeys"":[],""hasProvider"":false,""fragmentKeys"":[],""hasIdentityId"":false,""hasAccessToken"":false,""hasRefreshToken"":false,""redirectToScheme"":null},""elapsedMs"":72,""appVersion"":""1.0.3"",""hasSession"":false,""packageName"":""com.buffago.app"",""appOwnership"":null,""executionEnvironment"":""bare""}"
773f6846-b41f-4375-80c6-7f5ebd16eb9c,2026-06-24 00:35:27.567932+00,d_e417eaa5dd7d08_1782261324199,null,facebook,facebook_browser_session_opening,"{""mode"":""sign_in"",""flowId"":""fb_1782261324106_26cba7"",""screen"":""auth/login"",""redirect"":{""host"":""auth"",""path"":""/callback"",""hasCode"":false,""hasError"":false,""protocol"":""buffago"",""queryKeys"":[],""hasProvider"":false,""fragmentKeys"":[],""hasIdentityId"":false,""hasAccessToken"":false,""hasRefreshToken"":false,""redirectToScheme"":null},""elapsedMs"":1112,""providerUrl"":{""host"":""vhfxnizaxdanmvmouuaf.supabase.co"",""path"":""/auth/v1/authorize"",""hasCode"":false,""hasError"":false,""protocol"":""https"",""queryKeys"":[""provider"",""redirect_to"",""scopes""],""hasProvider"":true,""fragmentKeys"":[],""hasIdentityId"":false,""hasAccessToken"":false,""hasRefreshToken"":false,""redirectToScheme"":""[invalid-url]""}}"
ff379fdf-5757-4940-80da-455283238891,2026-06-24 00:35:27.121142+00,d_e417eaa5dd7d08_1782261324199,null,facebook,facebook_oauth_request_succeeded,"{""mode"":""sign_in"",""flowId"":""fb_1782261324106_26cba7"",""screen"":""auth/login"",""elapsedMs"":765,""providerUrl"":{""host"":""vhfxnizaxdanmvmouuaf.supabase.co"",""path"":""/auth/v1/authorize"",""hasCode"":false,""hasError"":false,""protocol"":""https"",""queryKeys"":[""provider"",""redirect_to"",""scopes""],""hasProvider"":true,""fragmentKeys"":[],""hasIdentityId"":false,""hasAccessToken"":false,""hasRefreshToken"":false,""redirectToScheme"":""[invalid-url]""},""hasProviderUrl"":true}"
86b54ca4-f33f-42db-a95d-023255cb343e,2026-06-24 00:35:26.848629+00,d_e417eaa5dd7d08_1782261324199,null,facebook,facebook_oauth_request_started,"{""app"":{""build"":5,""platform"":""android"",""appVersion"":""1.0.3"",""packageName"":""com.buffago.app"",""appOwnership"":null,""executionEnvironment"":""bare""},""mode"":""sign_in"",""flowId"":""fb_1782261324106_26cba7"",""screen"":""auth/login"",""redirect"":{""host"":""auth"",""path"":""/callback"",""hasCode"":false,""hasError"":false,""protocol"":""buffago"",""queryKeys"":[],""hasProvider"":false,""fragmentKeys"":[],""hasIdentityId"":false,""hasAccessToken"":false,""hasRefreshToken"":false,""redirectToScheme"":null},""elapsedMs"":446,""customTabs"":{""error"":null,""browserPackageCount"":1,""servicePackageCount"":1,""defaultBrowserPackage"":""com.android.chrome"",""preferredBrowserPackage"":""com.android.chrome""}}"
01219839-592b-480b-8f25-7da0a303cc15,2026-06-24 00:35:26.438172+00,d_e417eaa5dd7d08_1782261324199,null,facebook,facebook_button_tapped,"{""mode"":""sign_in"",""build"":5,""flowId"":""fb_1782261324106_26cba7"",""screen"":""auth/login"",""platform"":""android"",""redirect"":{""host"":""auth"",""path"":""/callback"",""hasCode"":false,""hasError"":false,""protocol"":""buffago"",""queryKeys"":[],""hasProvider"":false,""fragmentKeys"":[],""hasIdentityId"":false,""hasAccessToken"":false,""hasRefreshToken"":false,""redirectToScheme"":null},""elapsedMs"":91,""appVersion"":""1.0.3"",""hasSession"":false,""packageName"":""com.buffago.app"",""appOwnership"":null,""executionEnvironment"":""bare""}"
78fb3d18-a1d4-4a68-8224-7b5f9e549294,2026-06-24 00:34:56.614295+00,d_3e29f1d66de5de_1782261283601,null,facebook,facebook_flow_finished,"{""mode"":""sign_in"",""config"":{""appScheme"":""buffago"",""redirectUrl"":{""host"":""auth"",""path"":""/callback"",""hasCode"":false,""hasError"":false,""protocol"":""buffago"",""queryKeys"":[],""hasProvider"":false,""fragmentKeys"":[],""hasIdentityId"":false,""hasAccessToken"":false,""hasRefreshToken"":false,""redirectToScheme"":null},""oauthSurface"":""chrome_custom_tabs"",""androidPackage"":""com.buffago.app"",""requiredAndroidIntent"":""buffago://auth/callback"",""requiredSupabaseProvider"":""Facebook provider enabled with App ID and App Secret"",""requiredFacebookOauthRedirect"":""https://vhfxnizaxdanmvmouuaf.supabase.co/auth/v1/callback"",""requiredSupabaseRedirectAllowListEntry"":""buffago://auth/callback""},""flowId"":""fb_1782261283517_b252dc"",""screen"":""auth/login"",""outcome"":""cancelled"",""elapsedMs"":10762,""browserResultType"":""dismiss""}"
4a8c717d-d607-4824-824d-b364a5085bc1,2026-06-24 00:34:54.545406+00,d_3e29f1d66de5de_1782261283601,null,facebook,facebook_android_redirect_grace_started,"{""mode"":""sign_in"",""flowId"":""fb_1782261283517_b252dc"",""screen"":""auth/login"",""elapsedMs"":8719,""durationMs"":1800,""resultType"":""dismiss""}"
c56d4c9e-4f71-444c-be8f-cb35d6a850b9,2026-06-24 00:34:54.355795+00,d_3e29f1d66de5de_1782261283601,null,facebook,facebook_browser_session_result,"{""mode"":""sign_in"",""type"":""dismiss"",""flowId"":""fb_1782261283517_b252dc"",""hasUrl"":false,""screen"":""auth/login"",""elapsedMs"":7812,""resultUrl"":null,""observedRedirect"":false}"
4f9d01c6-b877-4173-82a3-730425220c4a,2026-06-24 00:34:47.315414+00,d_3e29f1d66de5de_1782261283601,null,facebook,facebook_browser_session_opening,"{""mode"":""sign_in"",""flowId"":""fb_1782261283517_b252dc"",""screen"":""auth/login"",""redirect"":{""host"":""auth"",""path"":""/callback"",""hasCode"":false,""hasError"":false,""protocol"":""buffago"",""queryKeys"":[],""hasProvider"":false,""fragmentKeys"":[],""hasIdentityId"":false,""hasAccessToken"":false,""hasRefreshToken"":false,""redirectToScheme"":null},""elapsedMs"":1460,""providerUrl"":{""host"":""vhfxnizaxdanmvmouuaf.supabase.co"",""path"":""/auth/v1/authorize"",""hasCode"":false,""hasError"":false,""protocol"":""https"",""queryKeys"":[""provider"",""redirect_to"",""scopes""],""hasProvider"":true,""fragmentKeys"":[],""hasIdentityId"":false,""hasAccessToken"":false,""hasRefreshToken"":false,""redirectToScheme"":""[invalid-url]""}}"
65fed9be-c62c-44b3-b2a3-46f7444e12e1,2026-06-24 00:34:47.055238+00,d_3e29f1d66de5de_1782261283601,null,facebook,facebook_oauth_request_succeeded,"{""mode"":""sign_in"",""flowId"":""fb_1782261283517_b252dc"",""screen"":""auth/login"",""elapsedMs"":1166,""providerUrl"":{""host"":""vhfxnizaxdanmvmouuaf.supabase.co"",""path"":""/auth/v1/authorize"",""hasCode"":false,""hasError"":false,""protocol"":""https"",""queryKeys"":[""provider"",""redirect_to"",""scopes""],""hasProvider"":true,""fragmentKeys"":[],""hasIdentityId"":false,""hasAccessToken"":false,""hasRefreshToken"":false,""redirectToScheme"":""[invalid-url]""},""hasProviderUrl"":true}"
94019833-ad3a-482d-a074-914d3ebc80f4,2026-06-24 00:34:46.761873+00,d_3e29f1d66de5de_1782261283601,null,facebook,facebook_oauth_request_started,"{""app"":{""build"":5,""platform"":""android"",""appVersion"":""1.0.3"",""packageName"":""com.buffago.app"",""appOwnership"":null,""executionEnvironment"":""bare""},""mode"":""sign_in"",""flowId"":""fb_1782261283517_b252dc"",""screen"":""auth/login"",""redirect"":{""host"":""auth"",""path"":""/callback"",""hasCode"":false,""hasError"":false,""protocol"":""buffago"",""queryKeys"":[],""hasProvider"":false,""fragmentKeys"":[],""hasIdentityId"":false,""hasAccessToken"":false,""hasRefreshToken"":false,""redirectToScheme"":null},""elapsedMs"":813,""customTabs"":{""error"":null,""browserPackageCount"":1,""servicePackageCount"":1,""defaultBrowserPackage"":""com.android.chrome"",""preferredBrowserPackage"":""com.android.chrome""}}"
6efb05bf-2932-4038-a8e5-ca8074e1d74d,2026-06-24 00:34:46.337634+00,d_3e29f1d66de5de_1782261283601,null,facebook,facebook_button_tapped,"{""mode"":""sign_in"",""build"":5,""flowId"":""fb_1782261283517_b252dc"",""screen"":""auth/login"",""platform"":""android"",""redirect"":{""host"":""auth"",""path"":""/callback"",""hasCode"":false,""hasError"":false,""protocol"":""buffago"",""queryKeys"":[],""hasProvider"":false,""fragmentKeys"":[],""hasIdentityId"":false,""hasAccessToken"":false,""hasRefreshToken"":false,""redirectToScheme"":null},""elapsedMs"":80,""appVersion"":""1.0.3"",""hasSession"":false,""packageName"":""com.buffago.app"",""appOwnership"":null,""executionEnvironment"":""bare""}"